{
  "num_translations": 3,
  "eval_runs_per_translation": 15,
  "per_translation_mean_penalty": [
    1.2242424242424241,
    1.187878787878788,
    1.206060606060606
  ],
  "per_translation_mean_major_equiv": [
    0.24484848484848484,
    0.23757575757575758,
    0.2412121212121212
  ],
  "penalty_per_unit": {
    "mean": 1.206060606060606,
    "median": 1.206060606060606,
    "std": 0.018181818181818077,
    "ci_95": 0.02057466413839382
  },
  "major_errors_per_unit": {
    "mean": 0.2412121212121212,
    "median": 0.2412121212121212,
    "std": 0.003636363636363632,
    "ci_95": 0.004114932827678782
  },
  "usage": {
    "total_input_tokens": 2728095,
    "total_output_tokens": 80122,
    "total_cost_usd": 5.895874
  },
  "interpretation": "Average MQM penalty per meaning unit: 1.21 (STD: 0.02, 95% CI: ±0.02). Major-equivalent errors per unit: 0.24 (STD: 0.00, 95% CI: ±0.00). (Weights: minor=1, major=5, critical=10)"
}