{
  "backend": {
    "evaluation_model": "gpt-5-mini",
    "evaluated_translation_model": "gpt-5.2"
  },
  "requested_eval_runs_per_translation": 4,
  "num_methods": 2,
  "total_successful_eval_runs": 80,
  "overall_across_methods": {
    "mean_major_equiv_per_unit": 0.38285984848484844,
    "ci_95_lower": 0.2501515151515151,
    "ci_95_upper": 0.5155681818181818,
    "ci_95_half_width": 0.13270833333333334,
    "method_sd": 0.09575404328567833,
    "se_method_across_methods": 0.06770833333333334
  },
  "per_method": {
    "list-analysis": {
      "num_translations": 12,
      "eval_runs_per_translation": 4,
      "observed_eval_runs_per_translation": [
        4
      ],
      "mean_major_equiv_per_unit": 0.3151515151515151,
      "translation_sd": 0.12544935510483257,
      "se_method": 0.03621410946972002,
      "ci_95_half_width": 0.07097965456065124,
      "ci_95_lower": 0.24417186059086388,
      "ci_95_upper": 0.3861311697121664,
      "pooled_eval_run_sd": 0.05231114091403657,
      "avg_eval_noise": 0.026155570457018284,
      "translation_means": [
        0.14545454545454545,
        0.16818181818181818,
        0.15,
        0.17727272727272728,
        0.3318181818181818,
        0.39545454545454545,
        0.3409090909090909,
        0.4590909090909091,
        0.41363636363636364,
        0.5,
        0.3181818181818182,
        0.38181818181818183
      ],
      "per_translation": {
        "1": {
          "mean_major_equiv_per_unit": 0.14545454545454545,
          "eval_run_sd": 0.014845392380504115,
          "eval_noise_se": 0.0074226961902520575,
          "ci_95_half_width": 0.014548484532894033,
          "n_eval_runs": 4,
          "eval_scores": [
            0.14545454545454545,
            0.12727272727272726,
            0.16363636363636364,
            0.14545454545454545
          ]
        },
        "2": {
          "mean_major_equiv_per_unit": 0.16818181818181818,
          "eval_run_sd": 0.01740776559556979,
          "eval_noise_se": 0.008703882797784895,
          "ci_95_half_width": 0.017059610283658395,
          "n_eval_runs": 4,
          "eval_scores": [
            0.18181818181818182,
            0.14545454545454545,
            0.18181818181818182,
            0.16363636363636364
          ]
        },
        "3": {
          "mean_major_equiv_per_unit": 0.15,
          "eval_run_sd": 0.009090909090909094,
          "eval_noise_se": 0.004545454545454547,
          "ci_95_half_width": 0.008909090909090912,
          "n_eval_runs": 4,
          "eval_scores": [
            0.16363636363636364,
            0.14545454545454545,
            0.14545454545454545,
            0.14545454545454545
          ]
        },
        "4": {
          "mean_major_equiv_per_unit": 0.17727272727272728,
          "eval_run_sd": 0.027272727272727268,
          "eval_noise_se": 0.013636363636363634,
          "ci_95_half_width": 0.02672727272727272,
          "n_eval_runs": 4,
          "eval_scores": [
            0.21818181818181817,
            0.16363636363636364,
            0.16363636363636364,
            0.16363636363636364
          ]
        },
        "5": {
          "mean_major_equiv_per_unit": 0.3318181818181818,
          "eval_run_sd": 0.08315407717583177,
          "eval_noise_se": 0.041577038587915886,
          "ci_95_half_width": 0.08149099563231514,
          "n_eval_runs": 4,
          "eval_scores": [
            0.34545454545454546,
            0.34545454545454546,
            0.21818181818181817,
            0.41818181818181815
          ]
        },
        "6": {
          "mean_major_equiv_per_unit": 0.39545454545454545,
          "eval_run_sd": 0.03441762633818346,
          "eval_noise_se": 0.01720881316909173,
          "ci_95_half_width": 0.03372927381141979,
          "n_eval_runs": 4,
          "eval_scores": [
            0.41818181818181815,
            0.4,
            0.34545454545454546,
            0.41818181818181815
          ]
        },
        "7": {
          "mean_major_equiv_per_unit": 0.3409090909090909,
          "eval_run_sd": 0.06863485850246136,
          "eval_noise_se": 0.03431742925123068,
          "ci_95_half_width": 0.06726216133241213,
          "n_eval_runs": 4,
          "eval_scores": [
            0.41818181818181815,
            0.2545454545454545,
            0.36363636363636365,
            0.32727272727272727
          ]
        },
        "8": {
          "mean_major_equiv_per_unit": 0.4590909090909091,
          "eval_run_sd": 0.03748277841470602,
          "eval_noise_se": 0.01874138920735301,
          "ci_95_half_width": 0.0367331228464119,
          "n_eval_runs": 4,
          "eval_scores": [
            0.43636363636363634,
            0.4909090909090909,
            0.41818181818181815,
            0.4909090909090909
          ]
        },
        "9": {
          "mean_major_equiv_per_unit": 0.41363636363636364,
          "eval_run_sd": 0.1010959231370441,
          "eval_noise_se": 0.05054796156852205,
          "ci_95_half_width": 0.09907400467430322,
          "n_eval_runs": 4,
          "eval_scores": [
            0.4545454545454546,
            0.2727272727272727,
            0.509090909090909,
            0.41818181818181815
          ]
        },
        "10": {
          "mean_major_equiv_per_unit": 0.5,
          "eval_run_sd": 0.01049727762162953,
          "eval_noise_se": 0.005248638810814765,
          "ci_95_half_width": 0.01028733206919694,
          "n_eval_runs": 4,
          "eval_scores": [
            0.509090909090909,
            0.4909090909090909,
            0.4909090909090909,
            0.509090909090909
          ]
        },
        "11": {
          "mean_major_equiv_per_unit": 0.3181818181818182,
          "eval_run_sd": 0.010497277621629563,
          "eval_noise_se": 0.0052486388108147815,
          "ci_95_half_width": 0.01028733206919697,
          "n_eval_runs": 4,
          "eval_scores": [
            0.32727272727272727,
            0.3090909090909091,
            0.3090909090909091,
            0.32727272727272727
          ]
        },
        "12": {
          "mean_major_equiv_per_unit": 0.38181818181818183,
          "eval_run_sd": 0.08265564664839913,
          "eval_noise_se": 0.04132782332419956,
          "ci_95_half_width": 0.08100253371543115,
          "n_eval_runs": 4,
          "eval_scores": [
            0.3090909090909091,
            0.32727272727272727,
            0.4909090909090909,
            0.4
          ]
        }
      }
    },
    "zero": {
      "num_translations": 8,
      "eval_runs_per_translation": 4,
      "observed_eval_runs_per_translation": [
        4
      ],
      "mean_major_equiv_per_unit": 0.4505681818181818,
      "translation_sd": 0.1606773865551002,
      "se_method": 0.05680803480822177,
      "ci_95_half_width": 0.11134374822411466,
      "ci_95_lower": 0.3392244335940672,
      "ci_95_upper": 0.5619119300422964,
      "pooled_eval_run_sd": 0.06850931448203885,
      "avg_eval_noise": 0.03425465724101943,
      "translation_means": [
        0.35454545454545455,
        0.8318181818181818,
        0.39545454545454545,
        0.37272727272727274,
        0.35,
        0.41363636363636364,
        0.4954545454545454,
        0.3909090909090909
      ],
      "per_translation": {
        "1": {
          "mean_major_equiv_per_unit": 0.35454545454545455,
          "eval_run_sd": 0.0638524469869863,
          "eval_noise_se": 0.03192622349349315,
          "ci_95_half_width": 0.06257539804724657,
          "n_eval_runs": 4,
          "eval_scores": [
            0.2909090909090909,
            0.3090909090909091,
            0.4,
            0.41818181818181815
          ]
        },
        "2": {
          "mean_major_equiv_per_unit": 0.8318181818181818,
          "eval_run_sd": 0.09777130790849503,
          "eval_noise_se": 0.048885653954247515,
          "ci_95_half_width": 0.09581588175032513,
          "n_eval_runs": 4,