{
  "backend": {
    "evaluation_model": "gpt-5-mini",
    "evaluated_translation_model": "gpt-5.2"
  },
  "requested_eval_runs_per_translation": 4,
  "num_methods": 2,
  "total_successful_eval_runs": 80,
  "overall_across_methods": {
    "mean_major_equiv_per_unit": 0.39024621212121213,
    "ci_95_lower": 0.2541969696969697,
    "ci_95_upper": 0.5262954545454546,
    "ci_95_half_width": 0.13604924242424246,
    "method_sd": 0.09816463458517792,
    "se_method_across_methods": 0.0694128787878788
  },
  "per_method": {
    "list-analysis": {
      "num_translations": 12,
      "eval_runs_per_translation": 4,
      "observed_eval_runs_per_translation": [
        4
      ],
      "mean_major_equiv_per_unit": 0.3208333333333333,
      "translation_sd": 0.1184272456908179,
      "se_method": 0.034187001089489834,
      "ci_95_half_width": 0.06700652213540008,
      "ci_95_lower": 0.2538268111979332,
      "ci_95_upper": 0.3878398554687334,
      "pooled_eval_run_sd": 0.061824865948797464,
      "avg_eval_noise": 0.030912432974398732,
      "translation_means": [
        0.18181818181818182,
        0.17272727272727273,
        0.1409090909090909,
        0.18636363636363637,
        0.3181818181818182,
        0.40454545454545454,
        0.41363636363636364,
        0.47727272727272724,
        0.3954545454545455,
        0.42272727272727273,
        0.33636363636363636,
        0.39999999999999997
      ],
      "per_translation": {
        "1": {
          "mean_major_equiv_per_unit": 0.18181818181818182,
          "eval_run_sd": 0.049236596391733084,
          "eval_noise_se": 0.024618298195866542,
          "ci_95_half_width": 0.04825186446389842,
          "n_eval_runs": 4,
          "eval_scores": [
            0.2545454545454545,
            0.14545454545454545,
            0.16363636363636364,
            0.16363636363636364
          ]
        },
        "2": {
          "mean_major_equiv_per_unit": 0.17272727272727273,
          "eval_run_sd": 0.018181818181818188,
          "eval_noise_se": 0.009090909090909094,
          "ci_95_half_width": 0.017818181818181823,
          "n_eval_runs": 4,
          "eval_scores": [
            0.16363636363636364,
            0.16363636363636364,
            0.16363636363636364,
            0.2
          ]
        },
        "3": {
          "mean_major_equiv_per_unit": 0.1409090909090909,
          "eval_run_sd": 0.01740776559556979,
          "eval_noise_se": 0.008703882797784895,
          "ci_95_half_width": 0.017059610283658395,
          "n_eval_runs": 4,
          "eval_scores": [
            0.14545454545454545,
            0.12727272727272726,
            0.12727272727272726,
            0.16363636363636364
          ]
        },
        "4": {
          "mean_major_equiv_per_unit": 0.18636363636363637,
          "eval_run_sd": 0.02727272727272727,
          "eval_noise_se": 0.013636363636363636,
          "ci_95_half_width": 0.026727272727272725,
          "n_eval_runs": 4,
          "eval_scores": [
            0.16363636363636364,
            0.2,
            0.21818181818181817,
            0.16363636363636364
          ]
        },
        "5": {
          "mean_major_equiv_per_unit": 0.3181818181818182,
          "eval_run_sd": 0.04575657233497426,
          "eval_noise_se": 0.02287828616748713,
          "ci_95_half_width": 0.044841440888274776,
          "n_eval_runs": 4,
          "eval_scores": [
            0.36363636363636365,
            0.2545454545454545,
            0.32727272727272727,
            0.32727272727272727
          ]
        },
        "6": {
          "mean_major_equiv_per_unit": 0.40454545454545454,
          "eval_run_sd": 0.06534502622075097,
          "eval_noise_se": 0.03267251311037549,
          "ci_95_half_width": 0.06403812569633595,
          "n_eval_runs": 4,
          "eval_scores": [
            0.4909090909090909,
            0.34545454545454546,
            0.36363636363636365,
            0.41818181818181815
          ]
        },
        "7": {
          "mean_major_equiv_per_unit": 0.41363636363636364,
          "eval_run_sd": 0.04781737526684698,
          "eval_noise_se": 0.02390868763342349,
          "ci_95_half_width": 0.046861027761510035,
          "n_eval_runs": 4,
          "eval_scores": [
            0.43636363636363634,
            0.34545454545454546,
            0.41818181818181815,
            0.4545454545454546
          ]
        },
        "8": {
          "mean_major_equiv_per_unit": 0.47727272727272724,
          "eval_run_sd": 0.06534502622075096,
          "eval_noise_se": 0.03267251311037548,
          "ci_95_half_width": 0.06403812569633593,
          "n_eval_runs": 4,
          "eval_scores": [
            0.38181818181818183,
            0.509090909090909,
            0.5272727272727272,
            0.4909090909090909
          ]
        },
        "9": {
          "mean_major_equiv_per_unit": 0.3954545454545455,
          "eval_run_sd": 0.07767276132106848,
          "eval_noise_se": 0.03883638066053424,
          "ci_95_half_width": 0.07611930609464711,
          "n_eval_runs": 4,
          "eval_scores": [
            0.2909090909090909,
            0.38181818181818183,
            0.4545454545454546,
            0.4545454545454546
          ]
        },
        "10": {
          "mean_major_equiv_per_unit": 0.42272727272727273,
          "eval_run_sd": 0.10325287901455044,
          "eval_noise_se": 0.05162643950727522,
          "ci_95_half_width": 0.10118782143425943,
          "n_eval_runs": 4,
          "eval_scores": [
            0.43636363636363634,
            0.2727272727272727,
            0.4909090909090909,
            0.4909090909090909
          ]
        },
        "11": {
          "mean_major_equiv_per_unit": 0.33636363636363636,
          "eval_run_sd": 0.05652957001872008,
          "eval_noise_se": 0.02826478500936004,
          "ci_95_half_width": 0.05539897861834568,
          "n_eval_runs": 4,
          "eval_scores": [
            0.2909090909090909,
            0.32727272727272727,
            0.41818181818181815,
            0.3090909090909091
          ]
        },
        "12": {
          "mean_major_equiv_per_unit": 0.39999999999999997,
          "eval_run_sd": 0.09620913858416691,
          "eval_noise_se": 0.048104569292083454,
          "ci_95_half_width": 0.09428495581248357,
          "n_eval_runs": 4,
          "eval_scores": [
            0.34545454545454546,
            0.5272727272727272,
            0.3090909090909091,
            0.41818181818181815
          ]
        }
      }
    },
    "zero": {
      "num_translations": 8,
      "eval_runs_per_translation": 4,
      "observed_eval_runs_per_translation": [
        4
      ],
      "mean_major_equiv_per_unit": 0.4596590909090909,
      "translation_sd": 0.14481265632165133,
      "se_method": 0.051199005643338305,
      "ci_95_half_width": 0.10035005106094308,
      "ci_95_lower": 0.3593090398481478,
      "ci_95_upper": 0.5600091419700339,
      "pooled_eval_run_sd": 0.0766238352029714,
      "avg_eval_noise": 0.0383119176014857,
      "translation_means": [
        0.39545454545454545,
        0.8090909090909091,
        0.40909090909090906,
        0.45,
        0.3909090909090909,
        0.41363636363636364,
        0.4545454545454546,
        0.35454545454545455
      ],
      "per_translation": {
        "1": {
          "mean_major_equiv_per_unit": 0.39545454545454545,
          "eval_run_sd": 0.13058461470554691,
          "eval_noise_se": 0.06529230735277346,
          "ci_95_half_width": 0.12797292241143599,
          "n_eval_runs": 4,
          "eval_scores": [
            0.34545454545454546,
            0.2363636363636364,
            0.5272727272727272,
            0.4727272727272728
          ]
        },
        "2": {
          "mean_major_equiv_per_unit": 0.8090909090909091,
          "eval_run_sd": 0.03149183286488864,
          "eval_noise_se": 0.01574591643244432,