{
  "methods": [
    {
      "method": "list-analysis",
      "num_translations": 12,
      "eval_runs_per_translation": 4,
      "mean_major_equiv_per_unit": 0.3151515151515151,
      "ci_95_half_width": 0.07097965456065124,
      "translation_sd": 0.12544935510483257,
      "pooled_eval_run_sd": 0.05231114091403657,
      "avg_eval_noise": 0.026155570457018284
    },
    {
      "method": "zero",
      "num_translations": 8,
      "eval_runs_per_translation": 4,
      "mean_major_equiv_per_unit": 0.4505681818181818,
      "ci_95_half_width": 0.11134374822411466,
      "translation_sd": 0.1606773865551002,
      "pooled_eval_run_sd": 0.06850931448203885,
      "avg_eval_noise": 0.03425465724101943
    }
  ]
}