{
  "methods": [
    {
      "method": "intertext",
      "num_translations": 4,
      "eval_runs_per_translation": 4,
      "mean_major_equiv_per_unit": 0.39090909090909093,
      "ci_95_half_width": 0.01744302018482017,
      "translation_sd": 0.01779900018859201,
      "pooled_eval_run_sd": 0.06523954588366965,
      "avg_eval_noise": 0.032619772941834824
    }
  ]
}