{
  "methods": [
    {
      "method": "narratives",
      "num_translations": 4,
      "eval_runs_per_translation": 4,
      "mean_major_equiv_per_unit": 0.375,
      "ci_95_half_width": 0.02343051388075502,
      "translation_sd": 0.023908687633423492,
      "pooled_eval_run_sd": 0.04781737526684696,
      "avg_eval_noise": 0.02390868763342348
    },
    {
      "method": "characters",
      "num_translations": 4,
      "eval_runs_per_translation": 4,
      "mean_major_equiv_per_unit": 0.3806818181818182,
      "ci_95_half_width": 0.0284940064259812,
      "translation_sd": 0.029075516761205306,
      "pooled_eval_run_sd": 0.0621581560508061,
      "avg_eval_noise": 0.03107907802540305
    },
    {
      "method": "examples",
      "num_translations": 4,
      "eval_runs_per_translation": 4,
      "mean_major_equiv_per_unit": 0.38977272727272727,
      "ci_95_half_width": 0.0635586267615394,
      "translation_sd": 0.06485574159340754,
      "pooled_eval_run_sd": 0.051759669250117345,
      "avg_eval_noise": 0.025879834625058672
    },
    {
      "method": "summary",
      "num_translations": 4,
      "eval_runs_per_translation": 4,
      "mean_major_equiv_per_unit": 0.3943181818181818,
      "ci_95_half_width": 0.0305117396004149,
      "translation_sd": 0.031134428163688676,
      "pooled_eval_run_sd": 0.08532065591091567,
      "avg_eval_noise": 0.042660327955457836
    }
  ]
}