{
  "methods": [
    {
      "method": "examples",
      "num_translations": 5,
      "eval_runs_per_translation": 4,
      "mean_major_equiv_per_unit": 0.38727272727272727,
      "ci_95_half_width": 0.04792726582976911,
      "translation_sd": 0.054677869577074795,
      "pooled_eval_run_sd": 0.051318698497009804,
      "avg_eval_noise": 0.025659349248504902
    }
  ]
}