{
  "backend": {
    "dataset_name": "ivan-vas",
    "evaluation_model": "gpt-5.4-mini",
    "evaluated_translation_model": "gpt-5.2"
  },
  "requested_eval_runs_per_translation": 1,
  "num_methods": 5,
  "total_successful_eval_runs": 20,
  "per_method": {
    "characters": {
      "num_translations": 4,
      "eval_runs_per_translation": 1,
      "observed_eval_runs_per_translation": [
        1
      ],
      "mean_major_equiv_per_unit": 0.6090909090909091,
      "translation_sd": 0.1272727272727273,
      "se_method": 0.06363636363636364,
      "ci_95_half_width": 0.12472727272727274,
      "ci_95_lower": 0.4843636363636364,
      "ci_95_upper": 0.7338181818181819,
      "pooled_eval_run_sd": 0.0,
      "avg_eval_noise": 0.0,
      "translation_means": [
        0.5454545454545454,
        0.6545454545454545,
        0.7636363636363637,
        0.4727272727272728
      ],
      "per_translation": {
        "1": {
          "mean_major_equiv_per_unit": 0.5454545454545454,
          "eval_run_sd": 0.0,
          "eval_noise_se": 0.0,
          "ci_95_half_width": 0.0,
          "n_eval_runs": 1,
          "eval_scores": [
            0.5454545454545454
          ]
        },
        "2": {
          "mean_major_equiv_per_unit": 0.6545454545454545,
          "eval_run_sd": 0.0,
          "eval_noise_se": 0.0,
          "ci_95_half_width": 0.0,
          "n_eval_runs": 1,
          "eval_scores": [
            0.6545454545454545
          ]
        },
        "3": {
          "mean_major_equiv_per_unit": 0.7636363636363637,
          "eval_run_sd": 0.0,
          "eval_noise_se": 0.0,
          "ci_95_half_width": 0.0,
          "n_eval_runs": 1,
          "eval_scores": [
            0.7636363636363637
          ]
        },
        "4": {
          "mean_major_equiv_per_unit": 0.4727272727272728,
          "eval_run_sd": 0.0,
          "eval_noise_se": 0.0,
          "ci_95_half_width": 0.0,
          "n_eval_runs": 1,
          "eval_scores": [
            0.4727272727272728
          ]
        }
      }
    },
    "list-analysis": {
      "num_translations": 4,
      "eval_runs_per_translation": 1,
      "observed_eval_runs_per_translation": [
        1
      ],
      "mean_major_equiv_per_unit": 0.6272727272727273,
      "translation_sd": 0.21944081200280818,
      "se_method": 0.10972040600140409,
      "ci_95_half_width": 0.21505199576275202,
      "ci_95_lower": 0.4122207315099753,
      "ci_95_upper": 0.8423247230354793,
      "pooled_eval_run_sd": 0.0,
      "avg_eval_noise": 0.0,
      "translation_means": [
        0.4909090909090909,
        0.4727272727272728,
        0.9454545454545455,
        0.6
      ],
      "per_translation": {
        "1": {
          "mean_major_equiv_per_unit": 0.4909090909090909,
          "eval_run_sd": 0.0,
          "eval_noise_se": 0.0,
          "ci_95_half_width": 0.0,
          "n_eval_runs": 1,
          "eval_scores": [
            0.4909090909090909
          ]
        },
        "2": {
          "mean_major_equiv_per_unit": 0.4727272727272728,
          "eval_run_sd": 0.0,
          "eval_noise_se": 0.0,
          "ci_95_half_width": 0.0,
          "n_eval_runs": 1,
          "eval_scores": [
            0.4727272727272728
          ]
        },
        "3": {
          "mean_major_equiv_per_unit": 0.9454545454545455,
          "eval_run_sd": 0.0,
          "eval_noise_se": 0.0,
          "ci_95_half_width": 0.0,
          "n_eval_runs": 1,
          "eval_scores": [
            0.9454545454545455
          ]
        },
        "4": {
          "mean_major_equiv_per_unit": 0.6,
          "eval_run_sd": 0.0,
          "eval_noise_se": 0.0,
          "ci_95_half_width": 0.0,
          "n_eval_runs": 1,
          "eval_scores": [
            0.6
          ]
        }
      }
    },
    "narratives": {
      "num_translations": 4,
      "eval_runs_per_translation": 1,
      "observed_eval_runs_per_translation": [
        1
      ],
      "mean_major_equiv_per_unit": 0.7818181818181817,
      "translation_sd": 0.17876219640912278,
      "se_method": 0.08938109820456139,
      "ci_95_half_width": 0.17518695248094032,
      "ci_95_lower": 0.6066312293372415,
      "ci_95_upper": 0.957005134299122,
      "pooled_eval_run_sd": 0.0,
      "avg_eval_noise": 0.0,
      "translation_means": [
        0.8909090909090909,
        0.7454545454545454,
        0.5454545454545454,
        0.9454545454545455
      ],
      "per_translation": {
        "1": {
          "mean_major_equiv_per_unit": 0.8909090909090909,
          "eval_run_sd": 0.0,
          "eval_noise_se": 0.0,
          "ci_95_half_width": 0.0,
          "n_eval_runs": 1,
          "eval_scores": [
            0.8909090909090909
          ]
        },
        "2": {
          "mean_major_equiv_per_unit": 0.7454545454545454,
          "eval_run_sd": 0.0,
          "eval_noise_se": 0.0,
          "ci_95_half_width": 0.0,
          "n_eval_runs": 1,
          "eval_scores": [
            0.7454545454545454
          ]
        },
        "3": {
          "mean_major_equiv_per_unit": 0.5454545454545454,
          "eval_run_sd": 0.0,
          "eval_noise_se": 0.0,
          "ci_95_half_width": 0.0,
          "n_eval_runs": 1,
          "eval_scores": [
            0.5454545454545454
          ]
        },
        "4": {
          "mean_major_equiv_per_unit": 0.9454545454545455,
          "eval_run_sd": 0.0,
          "eval_noise_se": 0.0,
          "ci_95_half_width": 0.0,
          "n_eval_runs": 1,
          "eval_scores": [
            0.9454545454545455
          ]
        }
      }
    },
    "noise": {
      "num_translations": 4,
      "eval_runs_per_translation": 1,
      "observed_eval_runs_per_translation": [
        1
      ],
      "mean_major_equiv_per_unit": 0.9045454545454545,
      "translation_sd": 0.06534502622075103,
      "se_method": 0.032672513110375515,
      "ci_95_half_width": 0.064038125696336,
      "ci_95_lower": 0.8405073288491185,
      "ci_95_upper": 0.9685835802417906,
      "pooled_eval_run_sd": 0.0,
      "avg_eval_noise": 0.0,
      "translation_means": [
        0.9636363636363636,
        0.8181818181818181,
        0.8909090909090909,
        0.9454545454545455
      ],
      "per_translation": {
        "1": {
          "mean_major_equiv_per_unit": 0.9636363636363636,
          "eval_run_sd": 0.0,
          "eval_noise_se": 0.0,
          "ci_95_half_width": 0.0,
          "n_eval_runs": 1,
          "eval_scores": [
            0.9636363636363636
          ]
        },
        "2": {
          "mean_major_equiv_per_unit": 0.8181818181818181,
          "eval_run_sd": 0.0,
          "eval_noise_se": 0.0,
          "ci_95_half_width": 0.0,
          "n_eval_runs": 1,
          "eval_scores": [
            0.8181818181818181
          ]
        },
        "3": {
          "mean_major_equiv_per_unit": 0.8909090909090909,
          "eval_run_sd": 0.0,
          "eval_noise_se": 0.0,
          "ci_95_half_width": 0.0,
          "n_eval_runs": 1,
          "eval_scores": [
            0.8909090909090909
          ]
        },
        "4": {
          "mean_major_equiv_per_unit": 0.9454545454545455,
          "eval_run_sd": 0.0,
          "eval_noise_se": 0.0,
          "ci_95_half_width": 0.0,
          "n_eval_runs": 1,
          "eval_scores": [
            0.9454545454545455
          ]
        }
      }
    },
    "zero": {
      "num_translations": 4,
      "eval_runs_per_translation": 1,
      "observed_eval_runs_per_translation": [
        1
      ],
      "mean_major_equiv_per_unit": 0.8318181818181818,
      "translation_sd": 0.11047106747611023,
      "se_method": 0.05523553373805511,
      "ci_95_half_width": 0.10826164612658802,
      "ci_95_lower": 0.7235565356915937,
      "ci_95_upper": 0.9400798279447699,
      "pooled_eval_run_sd": 0.0,
      "avg_eval_noise": 0.0,