{
  "dataset_name": "ivan-vas",
  "trans_model": "gpt-5.2",
  "evaluator_type": "human",
  "evaluators": [
    "sienna-fcc8"
  ],
  "num_evaluators": 1,
  "total_judgments": 239,
  "auto_filled_judgments": 67,
  "repeat_judgments": 5,
  "usable_judgments": 167,
  "num_methods": 7,
  "overall_across_methods": {
    "mean_major_equiv_per_unit": 0.2397278911564626,
    "ci_95_lower": 0.16671221952624163,
    "ci_95_upper": 0.3127435627866836,
    "ci_95_half_width": 0.07301567163022096,
    "method_sd": 0.09856189231832589,
    "se_method_across_methods": 0.03725289368888825
  },
  "per_method": {
    "characters": {
      "num_translations": 3,
      "mean_major_equiv_per_unit": 0.21333333333333335,
      "translation_sd": 0.023094010767585018,
      "se_method": 0.013333333333333327,
      "ci_95_half_width": 0.02613333333333332,
      "ci_95_lower": 0.18720000000000003,
      "ci_95_upper": 0.23946666666666666,
      "translation_means": [
        0.2,
        0.24,
        0.2
      ],
      "per_translation": {
        "2": {
          "mean_major_equiv_per_unit": 0.2,
          "eval_run_sd": 0.3651483716701107,
          "eval_noise_se": 0.13801311186847082,
          "ci_95_half_width": 0.2705056992622028,
          "n_eval_runs": 7,
          "eval_scores": [
            0.0,
            0.0,
            0.2,
            0.0,
            0.0,
            0.2,
            1.0
          ]
        },
        "3": {
          "mean_major_equiv_per_unit": 0.24,
          "eval_run_sd": 0.40879225911349043,
          "eval_noise_se": 0.12927146286443542,
          "ci_95_half_width": 0.2533720672142934,
          "n_eval_runs": 10,
          "eval_scores": [
            0.2,
            0.2,
            0.0,
            0.0,
            1.0,
            0.0,
            1.0,
            0.0,
            0.0,
            0.0
          ]
        },
        "4": {
          "mean_major_equiv_per_unit": 0.2,
          "eval_run_sd": 0.31622776601683794,
          "eval_noise_se": 0.10540925533894598,
          "ci_95_half_width": 0.20660214046433412,
          "n_eval_runs": 9,
          "eval_scores": [
            0.2,
            0.2,
            0.0,
            0.2,
            0.0,
            0.0,
            0.2,
            0.0,
            1.0
          ]
        }
      }
    },
    "list-analysis": {
      "num_translations": 3,
      "mean_major_equiv_per_unit": 0.15092592592592594,
      "translation_sd": 0.06668595400011422,
      "se_method": 0.03850115349313295,
      "ci_95_half_width": 0.07546226084654058,
      "ci_95_lower": 0.07546366507938536,
      "ci_95_upper": 0.22638818677246653,
      "translation_means": [
        0.07500000000000001,
        0.17777777777777778,
        0.2
      ],
      "per_translation": {
        "1": {
          "mean_major_equiv_per_unit": 0.07500000000000001,
          "eval_run_sd": 0.10350983390135314,
          "eval_noise_se": 0.036596252735569997,
          "ci_95_half_width": 0.07172865536171719,
          "n_eval_runs": 8,
          "eval_scores": [
            0.0,
            0.0,
            0.0,
            0.2,
            0.0,
            0.2,
            0.2,
            0.0
          ]
        },
        "3": {
          "mean_major_equiv_per_unit": 0.17777777777777778,
          "eval_run_sd": 0.3231786571610886,
          "eval_noise_se": 0.10772621905369621,
          "ci_95_half_width": 0.21114338934524457,
          "n_eval_runs": 9,
          "eval_scores": [
            0.2,
            0.0,
            0.0,
            0.0,
            1.0,
            0.2,
            0.2,
            0.0,
            0.0
          ]
        },
        "4": {
          "mean_major_equiv_per_unit": 0.2,
          "eval_run_sd": 0.37712361663282534,
          "eval_noise_se": 0.11925695879998878,
          "ci_95_half_width": 0.233743639247978,
          "n_eval_runs": 10,
          "eval_scores": [
            0.0,
            0.0,
            0.0,
            0.0,
            0.0,
            0.0,
            1.2,
            0.4,
            0.2,
            0.2
          ]
        }
      }
    },
    "list-analysis-lang": {
      "num_translations": 3,
      "mean_major_equiv_per_unit": 0.09523809523809525,
      "translation_sd": 0.016495721976846456,
      "se_method": 0.009523809523809528,
      "ci_95_half_width": 0.018666666666666675,
      "ci_95_lower": 0.07657142857142857,
      "ci_95_upper": 0.11390476190476193,
      "translation_means": [
        0.1142857142857143,
        0.08571428571428572,
        0.08571428571428572
      ],
      "per_translation": {
        "1": {
          "mean_major_equiv_per_unit": 0.1142857142857143,
          "eval_run_sd": 0.10690449676496976,
          "eval_noise_se": 0.04040610178208843,
          "ci_95_half_width": 0.07919595949289332,
          "n_eval_runs": 7,
          "eval_scores": [
            0.0,
            0.0,
            0.2,
            0.2,
            0.0,
            0.2,
            0.2
          ]
        },
        "5": {
          "mean_major_equiv_per_unit": 0.08571428571428572,
          "eval_run_sd": 0.10690449676496976,
          "eval_noise_se": 0.04040610178208843,
          "ci_95_half_width": 0.07919595949289332,
          "n_eval_runs": 7,
          "eval_scores": [
            0.0,
            0.0,
            0.2,
            0.0,
            0.0,
            0.2,
            0.2
          ]
        },
        "10": {
          "mean_major_equiv_per_unit": 0.08571428571428572,
          "eval_run_sd": 0.10690449676496976,
          "eval_noise_se": 0.04040610178208843,
          "ci_95_half_width": 0.07919595949289332,
          "n_eval_runs": 7,
          "eval_scores": [
            0.0,
            0.0,
            0.2,
            0.2,
            0.0,
            0.2,
            0.0
          ]
        }
      }
    },
    "narratives": {
      "num_translations": 3,
      "mean_major_equiv_per_unit": 0.3900793650793651,
      "translation_sd": 0.16955128411211315,
      "se_method": 0.09789047952357526,
      "ci_95_half_width": 0.1918653398662075,
      "ci_95_lower": 0.1982140252131576,
      "ci_95_upper": 0.5819447049455726,
      "translation_means": [
        0.22857142857142856,
        0.5666666666666667,
        0.375
      ],
      "per_translation": {
        "1": {
          "mean_major_equiv_per_unit": 0.22857142857142856,
          "eval_run_sd": 0.35456210417116735,
          "eval_noise_se": 0.13401187885209798,
          "ci_95_half_width": 0.262663282550112,
          "n_eval_runs": 7,
          "eval_scores": [
            0.0,
            0.2,
            1.0,
            0.0,
            0.0,
            0.2,
            0.2
          ]
        },
        "2": {
          "mean_major_equiv_per_unit": 0.5666666666666667,
          "eval_run_sd": 0.6250333324444919,
          "eval_noise_se": 0.2551687894533952,
          "ci_95_half_width": 0.5001308273286547,
          "n_eval_runs": 6,
          "eval_scores": [
            1.2,
            0.0,
            1.2,
            0.0,
            0.0,
            1.0
          ]
        },
        "4": {
          "mean_major_equiv_per_unit": 0.375,
          "eval_run_sd": 0.45903625751598937,
          "eval_noise_se": 0.16229382525002517,
          "ci_95_half_width": 0.31809589749004935,
          "n_eval_runs": 8,
          "eval_scores": [
            1.2,
            0.0,
            0.2,
            1.0,
            0.2,
            0.2,
            0.2,
            0.0
          ]
        }
      }
    },
    "noise": {
      "num_translations": 3,
      "mean_major_equiv_per_unit": 0.3101851851851852,
      "translation_sd": 0.09591716676726036,
      "se_method": 0.055377802052984,
      "ci_95_half_width": 0.10854049202384865,
      "ci_95_lower": 0.20164469316133654,
      "ci_95_upper": 0.4187256772090338,
      "translation_means": [
        0.2,
        0.35555555555555557,
        0.375
      ],