{
  "num_translations": 4,
  "eval_runs_per_translation": 10,
  "major_equiv_per_unit": {
    "mean": 0.5277272727272727,
    "ci_95_lower": 0.4648250529238481,
    "ci_95_upper": 0.5906294925306973,
    "ci_95_half_width": 0.06290221980342461,
    "between_translation_sd": 0.06418593857492308,
    "se_method": 0.03209296928746154
  },
  "evaluation_noise_diagnostic": {
    "run_level_sd": 0.09598752302899029
  },
  "usage": {
    "total_input_tokens": 2647940,
    "total_output_tokens": 81073,
    "total_cost_usd": 5.768917
  }
}