{
  "num_translations": 3,
  "eval_runs_per_translation": 15,
  "per_translation_mean_penalty": [
    3.0303030303030303,
    2.8666666666666667,
    3.8909090909090907
  ],
  "per_translation_mean_major_equiv": [
    0.6060606060606061,
    0.5733333333333334,
    0.7781818181818182
  ],
  "penalty_per_unit": {
    "mean": 3.2626262626262625,
    "median": 3.0303030303030303,
    "std": 0.5502260436514572,
    "ci_95": 0.6226393826579307
  },
  "major_errors_per_unit": {
    "mean": 0.6525252525252525,
    "median": 0.6060606060606061,
    "std": 0.11004520873029147,
    "ci_95": 0.12452787653158619
  },
  "usage": {
    "total_input_tokens": 2724375,
    "total_output_tokens": 89373,
    "total_cost_usd": 6.018878
  },
  "interpretation": "Average MQM penalty per meaning unit: 3.26 (STD: 0.55, 95% CI: ±0.62). Major-equivalent errors per unit: 0.65 (STD: 0.11, 95% CI: ±0.12). (Weights: minor=1, major=5, critical=10)"
}