{
  "num_translations": 3,
  "eval_runs_per_translation": 15,
  "per_translation_mean_penalty": [
    1.6484848484848484,
    1.6303030303030304,
    1.7818181818181817
  ],
  "per_translation_mean_major_equiv": [
    0.32969696969696966,
    0.32606060606060605,
    0.3563636363636363
  ],
  "penalty_per_unit": {
    "mean": 1.6868686868686869,
    "median": 1.6484848484848484,
    "std": 0.08272967769472023,
    "ci_95": 0.09361744330655469
  },
  "major_errors_per_unit": {
    "mean": 0.3373737373737373,
    "median": 0.32969696969696966,
    "std": 0.01654593553894405,
    "ci_95": 0.018723488661310947
  },
  "usage": {
    "total_input_tokens": 2726670,
    "total_output_tokens": 85048,
    "total_cost_usd": 5.962345
  },
  "interpretation": "Average MQM penalty per meaning unit: 1.69 (STD: 0.08, 95% CI: ±0.09). Major-equivalent errors per unit: 0.34 (STD: 0.02, 95% CI: ±0.02). (Weights: minor=1, major=5, critical=10)"
}