{
  "num_translations": 3,
  "eval_runs_per_translation": 15,
  "per_translation_mean_penalty": [
    3.5454545454545454,
    3.206060606060606,
    3.684848484848485
  ],
  "per_translation_mean_major_equiv": [
    0.7090909090909091,
    0.6412121212121212,
    0.7369696969696969
  ],
  "penalty_per_unit": {
    "mean": 3.478787878787879,
    "median": 3.5454545454545454,
    "std": 0.24625757156254607,
    "ci_95": 0.2786666754539743
  },
  "major_errors_per_unit": {
    "mean": 0.6957575757575758,
    "median": 0.7090909090909091,
    "std": 0.049251514312509174,
    "ci_95": 0.055733335090794804
  },
  "usage": {
    "total_input_tokens": 2724675,
    "total_output_tokens": 90309,
    "total_cost_usd": 6.032507
  },
  "interpretation": "Average MQM penalty per meaning unit: 3.48 (STD: 0.25, 95% CI: ±0.28). Major-equivalent errors per unit: 0.70 (STD: 0.05, 95% CI: ±0.06). (Weights: minor=1, major=5, critical=10)"
}