{
  "num_translations": 4,
  "eval_runs_per_translation": 10,
  "major_equiv_per_unit": {
    "mean": 0.26227272727272727,
    "ci_95_lower": 0.2413221518254932,
    "ci_95_upper": 0.2832233027199614,
    "ci_95_half_width": 0.020950575447234093,
    "between_translation_sd": 0.02137813821146336,
    "se_method": 0.01068906910573168
  },
  "evaluation_noise_diagnostic": {
    "run_level_sd": 0.09558044754971474
  },
  "usage": {
    "total_input_tokens": 2649340,
    "total_output_tokens": 79348,
    "total_cost_usd": 5.747217
  }
}