{
  "num_translations": 3,
  "eval_runs_per_translation": 15,
  "per_translation_mean_penalty": [
    0.01818181818181818,
    0.0606060606060606,
    0.006060606060606061
  ],
  "per_translation_mean_major_equiv": [
    0.0036363636363636364,
    0.012121212121212121,
    0.0012121212121212121
  ],
  "penalty_per_unit": {
    "mean": 0.02828282828282828,
    "median": 0.01818181818181818,
    "std": 0.028641306825773382,
    "ci_95": 0.03241068976337374
  },
  "major_errors_per_unit": {
    "mean": 0.0056565656565656566,
    "median": 0.0036363636363636364,
    "std": 0.005728261365154677,
    "ci_95": 0.006482137952674749
  },
  "usage": {
    "total_input_tokens": 2728290,
    "total_output_tokens": 60897,
    "total_cost_usd": 5.627065
  },
  "interpretation": "Average MQM penalty per meaning unit: 0.03 (STD: 0.03, 95% CI: ±0.03). Major-equivalent errors per unit: 0.01 (STD: 0.01, 95% CI: ±0.01). (Weights: minor=1, major=5, critical=10)"
}