{
  "num_translations": 8,
  "eval_runs_per_translation": 5,
  "evaluation_reliability": {
    "run_level_sd": 0.16173199035036714,
    "se_mean": 0.0723287449119522,
    "ci_95_half_width": 0.1417643400274263
  },
  "translation_results": {
    "per_translation_mean_penalty": [
      3.3454545454545457,
      3.690909090909091,
      3.309090909090909,
      2.709090909090909,
      3.7636363636363637,
      2.8727272727272726,
      3.309090909090909,
      3.9454545454545458
    ],
    "per_translation_mean_major_equiv": [
      0.6690909090909091,
      0.7381818181818182,
      0.6618181818181819,
      0.5418181818181818,
      0.7527272727272727,
      0.5745454545454546,
      0.6618181818181817,
      0.7890909090909092
    ],
    "overall_penalty_mean": 3.368181818181818,
    "overall_major_equiv_mean": 0.6736363636363636,
    "between_translation_sd": 0.0855622421663531
  },
  "usage": {
    "total_input_tokens": 2422335,
    "total_output_tokens": 78841,
    "total_cost_usd": 5.34286
  }
}