{
  "backend": {
    "evaluation_model": "gpt-5-mini",
    "evaluated_translation_model": "gpt-5.2"
  },
  "requested_eval_runs_per_translation": 2,
  "num_methods": 2,
  "total_successful_eval_runs": 8,
  "overall_across_methods": {
    "mean_major_equiv_per_unit": 0.2625,
    "ci_95_lower": 0.238,
    "ci_95_upper": 0.28700000000000003,
    "ci_95_half_width": 0.024500000000000022,
    "method_sd": 0.017677669529663705,
    "se_method_across_methods": 0.012500000000000011
  },
  "per_method": {
    "characters": {
      "num_translations": 2,
      "eval_runs_per_translation": 2,
      "observed_eval_runs_per_translation": [
        2
      ],
      "mean_major_equiv_per_unit": 0.275,
      "translation_sd": 0.38890872965260115,
      "se_method": 0.27499999999999997,
      "ci_95_half_width": 0.5389999999999999,
      "ci_95_lower": -0.2639999999999999,
      "ci_95_upper": 0.814,
      "pooled_eval_run_sd": 0.04999999999999999,
      "avg_eval_noise": 0.03535533905932737,
      "translation_means": [
        0.0,
        0.55
      ],
      "per_translation": {
        "1": {
          "mean_major_equiv_per_unit": 0.0,
          "eval_run_sd": 0.0,
          "eval_noise_se": 0.0,
          "ci_95_half_width": 0.0,
          "n_eval_runs": 2,
          "eval_scores": [
            0.0,
            0.0
          ]
        },
        "2": {
          "mean_major_equiv_per_unit": 0.55,
          "eval_run_sd": 0.07071067811865474,
          "eval_noise_se": 0.04999999999999999,
          "ci_95_half_width": 0.09799999999999998,
          "n_eval_runs": 2,
          "eval_scores": [
            0.6,
            0.5
          ]
        }
      }
    },
    "zero": {
      "num_translations": 2,
      "eval_runs_per_translation": 2,
      "observed_eval_runs_per_translation": [
        2
      ],
      "mean_major_equiv_per_unit": 0.25,
      "translation_sd": 0.07071067811865474,
      "se_method": 0.04999999999999999,
      "ci_95_half_width": 0.09799999999999998,
      "ci_95_lower": 0.15200000000000002,
      "ci_95_upper": 0.348,
      "pooled_eval_run_sd": 0.2,
      "avg_eval_noise": 0.1414213562373095,
      "translation_means": [
        0.2,
        0.3
      ],
      "per_translation": {
        "1": {
          "mean_major_equiv_per_unit": 0.2,
          "eval_run_sd": 0.0,
          "eval_noise_se": 0.0,
          "ci_95_half_width": 0.0,
          "n_eval_runs": 2,
          "eval_scores": [
            0.2,
            0.2
          ]
        },
        "2": {
          "mean_major_equiv_per_unit": 0.3,
          "eval_run_sd": 0.282842712474619,
          "eval_noise_se": 0.19999999999999998,
          "ci_95_half_width": 0.39199999999999996,
          "n_eval_runs": 2,
          "eval_scores": [
            0.1,
            0.5
          ]
        }
      }
    }
  },
  "ranking": [
    {
      "method": "zero",
      "num_translations": 2,
      "eval_runs_per_translation": 2,
      "mean_major_equiv_per_unit": 0.25,
      "ci_95_half_width": 0.09799999999999998,
      "translation_sd": 0.07071067811865474,
      "pooled_eval_run_sd": 0.2,
      "avg_eval_noise": 0.1414213562373095
    },
    {
      "method": "characters",
      "num_translations": 2,
      "eval_runs_per_translation": 2,
      "mean_major_equiv_per_unit": 0.275,
      "ci_95_half_width": 0.5389999999999999,
      "translation_sd": 0.38890872965260115,
      "pooled_eval_run_sd": 0.04999999999999999,
      "avg_eval_noise": 0.03535533905932737
    }
  ],
  "usage": {
    "total_input_tokens": 7800,
    "total_output_tokens": 4863,
    "total_cost_usd": 0.011676
  }
}