{
  "methods": [
    {
      "method": "zero",
      "num_translations": 2,
      "eval_runs_per_translation": 2,
      "mean_major_equiv_per_unit": 0.25,
      "ci_95_half_width": 0.09799999999999998,
      "translation_sd": 0.07071067811865474,
      "pooled_eval_run_sd": 0.2,
      "avg_eval_noise": 0.1414213562373095
    },
    {
      "method": "characters",
      "num_translations": 2,
      "eval_runs_per_translation": 2,
      "mean_major_equiv_per_unit": 0.275,
      "ci_95_half_width": 0.5389999999999999,
      "translation_sd": 0.38890872965260115,
      "pooled_eval_run_sd": 0.04999999999999999,
      "avg_eval_noise": 0.03535533905932737
    }
  ]
}