{
  "num_translations": 3,
  "eval_runs_per_translation": 15,
  "per_translation_mean_penalty": [
    2.690909090909091,
    1.2545454545454546,
    0.2545454545454545
  ],
  "per_translation_mean_major_equiv": [
    0.5381818181818182,
    0.2509090909090909,
    0.050909090909090904
  ],
  "penalty_per_unit": {
    "mean": 1.4,
    "median": 1.2545454545454546,
    "std": 1.2246773904762844,
    "ci_95": 1.3858529292813855
  },
  "major_errors_per_unit": {
    "mean": 0.28,
    "median": 0.2509090909090909,
    "std": 0.2449354780952569,
    "ci_95": 0.2771705858562771
  },
  "usage": {
    "total_input_tokens": 2799840,
    "total_output_tokens": 77495,
    "total_cost_usd": 5.98465
  },
  "interpretation": "Average MQM penalty per meaning unit: 1.40 (STD: 1.22, 95% CI: ±1.39). Major-equivalent errors per unit: 0.28 (STD: 0.24, 95% CI: ±0.28). (Weights: minor=1, major=5, critical=10)"
}