{
  "num_translations": 8,
  "eval_runs_per_translation": 5,
  "backend": {
    "evaluation_model": "gpt-5-mini",
    "evaluated_translation_model": "gpt-5.2"
  },
  "major_equiv_per_unit": {
    "mean": 0.44227272727272726,
    "ci_95_lower": 0.40480155267651485,
    "ci_95_upper": 0.47974390186893967,
    "ci_95_half_width": 0.03747117459621242,
    "se_method": 0.019117946222557358,
    "translation_sd": 0.054073717665320195,
    "run_sd": 0.10731953464995325,
    "avg_eval_noise": 0.04799475495818791
  },
  "per_translation": {
    "translation-1.txt": {
      "mean_major_equiv_per_unit": 0.4618181818181818,
      "run_sd": 0.049124567585841064,
      "se_mean": 0.02196917449744467,
      "ci_95_half_width": 0.04305958201499155,
      "n_runs": 5,
      "run_scores": [
        0.4909090909090909,
        0.4,
        0.41818181818181815,
        0.509090909090909,
        0.4909090909090909
      ]
    },
    "translation-2.txt": {
      "mean_major_equiv_per_unit": 0.4290909090909091,
      "run_sd": 0.16393911387417964,
      "se_mean": 0.07331580055874891,
      "ci_95_half_width": 0.14369896909514787,
      "n_runs": 5,
      "run_scores": [
        0.2,
        0.38181818181818183,
        0.43636363636363634,
        0.4727272727272728,
        0.6545454545454545
      ]
    },
    "translation-3.txt": {
      "mean_major_equiv_per_unit": 0.4727272727272727,
      "run_sd": 0.036363636363636355,
      "se_mean": 0.01626231256363483,
      "ci_95_half_width": 0.031874132624724265,
      "n_runs": 5,
      "run_scores": [
        0.4909090909090909,
        0.41818181818181815,
        0.509090909090909,
        0.4545454545454546,
        0.4909090909090909
      ]
    },
    "translation-4.txt": {
      "mean_major_equiv_per_unit": 0.31636363636363635,
      "run_sd": 0.12101499121668172,
      "se_mean": 0.05411954933140806,
      "ci_95_half_width": 0.10607431668955979,
      "n_runs": 5,
      "run_scores": [
        0.21818181818181817,
        0.4909090909090909,
        0.2909090909090909,
        0.2,
        0.38181818181818183
      ]
    },
    "translation-5.txt": {
      "mean_major_equiv_per_unit": 0.48363636363636364,
      "run_sd": 0.12371655153602909,
      "se_mean": 0.055327723835283414,
      "ci_95_half_width": 0.10844233871715549,
      "n_runs": 5,
      "run_scores": [
        0.6727272727272727,
        0.32727272727272727,
        0.4909090909090909,
        0.4545454545454546,
        0.4727272727272728
      ]
    },
    "translation-6.txt": {
      "mean_major_equiv_per_unit": 0.4763636363636364,
      "run_sd": 0.05362865892273679,
      "se_mean": 0.023983465378678022,
      "ci_95_half_width": 0.04700759214220892,
      "n_runs": 5,
      "run_scores": [
        0.4545454545454546,
        0.5454545454545454,
        0.4,
        0.4909090909090909,
        0.4909090909090909
      ]
    },
    "translation-7.txt": {
      "mean_major_equiv_per_unit": 0.44,
      "run_sd": 0.08662639454233886,
      "se_mean": 0.038740501368477294,
      "ci_95_half_width": 0.0759313826822155,
      "n_runs": 5,
      "run_scores": [
        0.5454545454545454,
        0.4545454545454546,
        0.32727272727272727,
        0.38181818181818183,
        0.4909090909090909
      ]
    },
    "translation-8.txt": {
      "mean_major_equiv_per_unit": 0.4581818181818182,
      "run_sd": 0.12557306654423278,
      "se_mean": 0.05615798258720182,
      "ci_95_half_width": 0.11006964587091556,
      "n_runs": 5,
      "run_scores": [
        0.32727272727272727,
        0.4,
        0.6181818181818182,
        0.38181818181818183,
        0.5636363636363637
      ]
    }
  },
  "usage": {
    "total_input_tokens": 153905,
    "total_output_tokens": 183022,
    "total_cost_usd": 0.40452
  }
}