{
  "num_translations": 4,
  "eval_runs_per_translation": 10,
  "major_equiv_per_unit": {
    "mean": 0.5359090909090909,
    "ci_95_lower": 0.5247935345898371,
    "ci_95_upper": 0.5470246472283447,
    "ci_95_half_width": 0.011115556319253707,
    "between_translation_sd": 0.011342404407401743,
    "se_method": 0.0056712022037008715
  },
  "evaluation_noise_diagnostic": {
    "run_level_sd": 0.11989877061044876
  },
  "usage": {
    "total_input_tokens": 2646590,
    "total_output_tokens": 82684,
    "total_cost_usd": 5.789109
  }
}