{
  "num_translations": 4,
  "eval_runs_per_translation": 10,
  "evaluation_reliability": {
    "run_level_sd": 0.1178954752361653,
    "se_mean": 0.03728182275742599,
    "ci_95_half_width": 0.07307237260455494
  },
  "translation_results": {
    "per_translation_mean_penalty": [
      2.9272727272727272,
      2.7818181818181817,
      2.6090909090909093,
      3.4727272727272727
    ],
    "per_translation_mean_major_equiv": [
      0.5854545454545454,
      0.5563636363636364,
      0.5218181818181818,
      0.6945454545454546
    ],
    "overall_penalty_mean": 2.9477272727272728,
    "overall_major_equiv_mean": 0.5895454545454546,
    "between_translation_sd": 0.07467652925811809
  },
  "usage": {
    "total_input_tokens": 2648840,
    "total_output_tokens": 82747,
    "total_cost_usd": 5.793928
  }
}