{
  "num_translations": 4,
  "eval_runs_per_translation": 10,
  "major_equiv_per_unit": {
    "mean": 0.025,
    "ci_95_lower": -0.017174924985359025,
    "ci_95_upper": 0.06717492498535903,
    "ci_95_half_width": 0.042174924985359026,
    "between_translation_sd": 0.04303563774016227,
    "se_method": 0.021517818870081137
  },
  "evaluation_noise_diagnostic": {
    "run_level_sd": 0.05186702805520583
  },
  "usage": {
    "total_input_tokens": 2651760,
    "total_output_tokens": 53226,
    "total_cost_usd": 5.385744
  }
}