{
  "num_translations": 5,
  "eval_runs_per_translation": 7,
  "backend": {
    "evaluation_model": "gpt-5-mini",
    "evaluated_translation_model": "gpt-5.2"
  },
  "major_equiv_per_unit": {
    "mean": 0.43272727272727274,
    "ci_95_lower": 0.38406712900803514,
    "ci_95_upper": 0.48138741644651034,
    "ci_95_half_width": 0.04866014371923759,
    "se_method": 0.024826603938386524,
    "translation_sd": 0.05551397405669627,
    "run_sd": 0.09618892445670689,
    "avg_eval_noise": 0.036355996141603585
  },
  "per_translation": {
    "translation-10.txt": {
      "mean_major_equiv_per_unit": 0.42597402597402595,
      "run_sd": 0.08453870475313695,
      "se_mean": 0.03195262699090206,
      "ci_95_half_width": 0.06262714890216804,
      "n_runs": 7,
      "run_scores": [
        0.32727272727272727,
        0.43636363636363634,
        0.41818181818181815,
        0.41818181818181815,
        0.4909090909090909,
        0.5636363636363637,
        0.32727272727272727
      ]
    },
    "translation-6.txt": {
      "mean_major_equiv_per_unit": 0.3948051948051948,
      "run_sd": 0.05817640667474404,
      "se_mean": 0.02198861489039012,
      "ci_95_half_width": 0.04309768518516463,
      "n_runs": 7,
      "run_scores": [
        0.43636363636363634,
        0.4,
        0.32727272727272727,
        0.32727272727272727,
        0.4,
        0.4909090909090909,
        0.38181818181818183
      ]
    },
    "translation-7.txt": {
      "mean_major_equiv_per_unit": 0.5272727272727272,
      "run_sd": 0.11689273649688432,
      "se_mean": 0.044181301548651346,
      "ci_95_half_width": 0.08659535103535664,
      "n_runs": 7,
      "run_scores": [
        0.4909090909090909,
        0.43636363636363634,
        0.5818181818181818,
        0.4909090909090909,
        0.7636363636363637,
        0.41818181818181815,
        0.509090909090909
      ]
    },
    "translation-8.txt": {
      "mean_major_equiv_per_unit": 0.38961038961038963,
      "run_sd": 0.0791533315888443,
      "se_mean": 0.029917147260902152,
      "ci_95_half_width": 0.058637608631368215,
      "n_runs": 7,
      "run_scores": [
        0.2909090909090909,
        0.38181818181818183,
        0.38181818181818183,
        0.5272727272727272,
        0.3090909090909091,
        0.43636363636363634,
        0.4
      ]
    },
    "translation-9.txt": {
      "mean_major_equiv_per_unit": 0.42597402597402595,
      "run_sd": 0.08710662403744225,
      "se_mean": 0.03292320924992474,
      "ci_95_half_width": 0.0645294901298525,
      "n_runs": 7,
      "run_scores": [
        0.4909090909090909,
        0.34545454545454546,
        0.3090909090909091,
        0.509090909090909,
        0.43636363636363634,
        0.5272727272727272,
        0.36363636363636365
      ]
    }
  },
  "usage": {
    "total_input_tokens": 146867,
    "total_output_tokens": 159114,
    "total_cost_usd": 0.354945
  }
}