{
  "backend": {
    "dataset_name": "carnival-night",
    "evaluation_model": "gpt-5-mini",
    "evaluated_translation_model": "gpt-5.2"
  },
  "requested_eval_runs_per_translation": 10,
  "num_methods": 3,
  "total_successful_eval_runs": 80,
  "per_method": {
    "characters": {
      "num_translations": 3,
      "eval_runs_per_translation": 10,
      "observed_eval_runs_per_translation": [
        10
      ],
      "mean_major_equiv_per_unit": 0.12916666666666665,
      "translation_sd": 0.026020824993326662,
      "se_method": 0.015023130314433291,
      "ci_95_half_width": 0.02944533541628925,
      "ci_95_lower": 0.09972133125037741,
      "ci_95_upper": 0.1586120020829559,
      "pooled_eval_run_sd": 0.06605623305885619,
      "avg_eval_noise": 0.02088881501168969,
      "translation_means": [
        0.09999999999999999,
        0.15,
        0.1375
      ],
      "per_translation": {
        "12": {
          "mean_major_equiv_per_unit": 0.09999999999999999,
          "eval_run_sd": 0.05892556509887895,
          "eval_noise_se": 0.018633899812498245,
          "ci_95_half_width": 0.03652244363249656,
          "n_eval_runs": 10,
          "eval_scores": [
            0.15,
            0.15,
            0.05,
            0.025,
            0.15,
            0.15,
            0.175,
            0.05,
            0.05,
            0.05
          ]
        },
        "13": {
          "mean_major_equiv_per_unit": 0.15,
          "eval_run_sd": 0.07637626158259733,
          "eval_noise_se": 0.024152294576982397,
          "ci_95_half_width": 0.047338497370885496,
          "n_eval_runs": 10,
          "eval_scores": [
            0.1,
            0.2,
            0.1,
            0.05,
            0.175,
            0.125,
            0.275,
            0.05,
            0.2,
            0.225
          ]
        },
        "14": {
          "mean_major_equiv_per_unit": 0.1375,
          "eval_run_sd": 0.061520096084305836,
          "eval_noise_se": 0.01945436254988125,
          "ci_95_half_width": 0.03813055059776725,
          "n_eval_runs": 10,
          "eval_scores": [
            0.05,
            0.15,
            0.075,
            0.075,
            0.2,
            0.075,
            0.2,
            0.175,
            0.2,
            0.175
          ]
        }
      }
    },
    "list": {
      "num_translations": 4,
      "eval_runs_per_translation": 10,
      "observed_eval_runs_per_translation": [
        10
      ],
      "mean_major_equiv_per_unit": 0.11,
      "translation_sd": 0.05224142672885826,
      "se_method": 0.02612071336442913,
      "ci_95_half_width": 0.051196598194281094,
      "ci_95_lower": 0.058803401805718906,
      "ci_95_upper": 0.1611965981942811,
      "pooled_eval_run_sd": 0.05930734449552695,
      "avg_eval_noise": 0.018754629058211496,
      "translation_means": [
        0.125,
        0.0675,
        0.07,
        0.1775
      ],
      "per_translation": {
        "13": {
          "mean_major_equiv_per_unit": 0.125,
          "eval_run_sd": 0.07637626158259733,
          "eval_noise_se": 0.024152294576982397,
          "ci_95_half_width": 0.047338497370885496,
          "n_eval_runs": 10,
          "eval_scores": [
            0.025,
            0.275,
            0.15,
            0.125,
            0.175,
            0.05,
            0.15,
            0.125,
            0.025,
            0.15
          ]
        },
        "14": {
          "mean_major_equiv_per_unit": 0.0675,
          "eval_run_sd": 0.058984461230621295,
          "eval_noise_se": 0.01865252440466616,
          "ci_95_half_width": 0.03655894783314567,
          "n_eval_runs": 10,
          "eval_scores": [
            0.025,
            0.075,
            0.025,
            0.15,
            0.15,
            0.15,
            0.025,
            0.025,
            0.025,
            0.025
          ]
        },
        "15": {
          "mean_major_equiv_per_unit": 0.07,
          "eval_run_sd": 0.05627314338711377,
          "eval_noise_se": 0.017795130420052183,
          "ci_95_half_width": 0.03487845562330228,
          "n_eval_runs": 10,
          "eval_scores": [
            0.15,
            0.05,
            0.025,
            0.15,
            0.15,
            0.05,
            0.025,
            0.025,
            0.05,
            0.025
          ]
        },
        "16": {
          "mean_major_equiv_per_unit": 0.1775,
          "eval_run_sd": 0.03987828704668467,
          "eval_noise_se": 0.012610621625351297,
          "ci_95_half_width": 0.02471681838568854,
          "n_eval_runs": 10,
          "eval_scores": [
            0.175,
            0.2,
            0.175,
            0.175,
            0.075,
            0.2,
            0.175,
            0.175,
            0.225,
            0.2
          ]
        }
      }
    },
    "zero": {
      "num_translations": 1,
      "eval_runs_per_translation": 10,
      "observed_eval_runs_per_translation": [
        10
      ],
      "mean_major_equiv_per_unit": 0.12,
      "translation_sd": 0.0,
      "se_method": 0.0,
      "ci_95_half_width": 0.0,
      "ci_95_lower": 0.12,
      "ci_95_upper": 0.12,
      "pooled_eval_run_sd": 0.062137839607690835,
      "avg_eval_noise": 0.01964971020425266,
      "translation_means": [
        0.12
      ],
      "per_translation": {
        "14": {
          "mean_major_equiv_per_unit": 0.12,
          "eval_run_sd": 0.06213783960769083,
          "eval_noise_se": 0.019649710204252657,
          "ci_95_half_width": 0.038513432000335204,
          "n_eval_runs": 10,
          "eval_scores": [
            0.05,
            0.15,
            0.15,
            0.05,
            0.2,
            0.15,
            0.175,
            0.175,
            0.05,
            0.05
          ]
        }
      }
    }
  },
  "ranking": [
    {
      "method": "list",
      "num_translations": 4,
      "eval_runs_per_translation": 10,
      "mean_major_equiv_per_unit": 0.11,
      "ci_95_half_width": 0.051196598194281094,
      "translation_sd": 0.05224142672885826,
      "pooled_eval_run_sd": 0.05930734449552695,
      "avg_eval_noise": 0.018754629058211496
    },
    {
      "method": "zero",
      "num_translations": 1,
      "eval_runs_per_translation": 10,
      "mean_major_equiv_per_unit": 0.12,
      "ci_95_half_width": 0.0,
      "translation_sd": 0.0,
      "pooled_eval_run_sd": 0.062137839607690835,
      "avg_eval_noise": 0.01964971020425266
    },
    {
      "method": "characters",
      "num_translations": 3,
      "eval_runs_per_translation": 10,
      "mean_major_equiv_per_unit": 0.12916666666666665,
      "ci_95_half_width": 0.02944533541628925,
      "translation_sd": 0.026020824993326662,
      "pooled_eval_run_sd": 0.06605623305885619,
      "avg_eval_noise": 0.02088881501168969
    }
  ],
  "usage": {
    "total_input_tokens": 336890,
    "total_output_tokens": 73245,
    "total_cost_usd": 0.230712
  }
}