{
  "methods": [
    {
      "method": "characters",
      "num_translations": 1,
      "eval_runs_per_translation": 10,
      "mean_major_equiv_per_unit": 0.05,
      "ci_95_half_width": 0.0,
      "translation_sd": 0.0,
      "pooled_eval_run_sd": 0.037267799624996496,
      "avg_eval_noise": 0.011785113019775792
    },
    {
      "method": "list",
      "num_translations": 2,
      "eval_runs_per_translation": 10,
      "mean_major_equiv_per_unit": 0.06125,
      "ci_95_half_width": 0.04654999999999999,
      "translation_sd": 0.033587572106361,
      "pooled_eval_run_sd": 0.04203999418543146,
      "avg_eval_noise": 0.013294213444619845
    },
    {
      "method": "meme-search",
      "num_translations": 5,
      "eval_runs_per_translation": 8,
      "mean_major_equiv_per_unit": 0.1175,
      "ci_95_half_width": 0.0849941689176381,
      "translation_sd": 0.09696568336272374,
      "pooled_eval_run_sd": 0.05053287473092569,
      "avg_eval_noise": 0.017866069197543945
    }
  ]
}