{
  "methods": [
    {
      "method": "list",
      "num_translations": 4,
      "eval_runs_per_translation": 10,
      "mean_major_equiv_per_unit": 0.11,
      "ci_95_half_width": 0.051196598194281094,
      "translation_sd": 0.05224142672885826,
      "pooled_eval_run_sd": 0.05930734449552695,
      "avg_eval_noise": 0.018754629058211496
    },
    {
      "method": "zero",
      "num_translations": 1,
      "eval_runs_per_translation": 10,
      "mean_major_equiv_per_unit": 0.12,
      "ci_95_half_width": 0.0,
      "translation_sd": 0.0,
      "pooled_eval_run_sd": 0.062137839607690835,
      "avg_eval_noise": 0.01964971020425266
    },
    {
      "method": "characters",
      "num_translations": 3,
      "eval_runs_per_translation": 10,
      "mean_major_equiv_per_unit": 0.12916666666666665,
      "ci_95_half_width": 0.02944533541628925,
      "translation_sd": 0.026020824993326662,
      "pooled_eval_run_sd": 0.06605623305885619,
      "avg_eval_noise": 0.02088881501168969
    }
  ]
}