{
  "methods": [
    {
      "method": "meme-search",
      "num_translations": 3,
      "eval_runs_per_translation": 8,
      "mean_major_equiv_per_unit": 0.10729166666666666,
      "ci_95_half_width": 0.04277766729783713,
      "translation_sd": 0.037802598565883444,
      "pooled_eval_run_sd": 0.06994364227889548,
      "avg_eval_noise": 0.02472881187814655
    },
    {
      "method": "list",
      "num_translations": 1,
      "eval_runs_per_translation": 10,
      "mean_major_equiv_per_unit": 0.1575,
      "ci_95_half_width": 0.0,
      "translation_sd": 0.0,
      "pooled_eval_run_sd": 0.012076147288491197,
      "avg_eval_noise": 0.0038188130791298657
    }
  ]
}