{
  "num_translations": 4,
  "eval_runs_per_translation": 10,
  "major_equiv_per_unit": {
    "mean": 0.3909090909090909,
    "ci_95_lower": 0.32047278672113394,
    "ci_95_upper": 0.4613453950970478,
    "ci_95_half_width": 0.07043630418795695,
    "between_translation_sd": 0.07187377978362954,
    "se_method": 0.03593688989181477
  },
  "evaluation_noise_diagnostic": {
    "run_level_sd": 0.11876313904403286
  },
  "usage": {
    "total_input_tokens": 2645760,
    "total_output_tokens": 79366,
    "total_cost_usd": 5.741204
  }
}