{
  "num_translations": 3,
  "eval_runs_per_translation": 15,
  "per_translation_mean_penalty": [
    1.812121212121212,
    1.5757575757575757,
    1.1878787878787878
  ],
  "per_translation_mean_major_equiv": [
    0.3624242424242424,
    0.3151515151515151,
    0.23757575757575758
  ],
  "penalty_per_unit": {
    "mean": 1.525252525252525,
    "median": 1.5757575757575757,
    "std": 0.31517093957232634,
    "ci_95": 0.3566494925335466
  },
  "major_errors_per_unit": {
    "mean": 0.305050505050505,
    "median": 0.3151515151515151,
    "std": 0.06303418791446526,
    "ci_95": 0.07132989850670932
  },
  "usage": {
    "total_input_tokens": 2728335,
    "total_output_tokens": 84434,
    "total_cost_usd": 5.956662
  },
  "interpretation": "Average MQM penalty per meaning unit: 1.53 (STD: 0.32, 95% CI: ±0.36). Major-equivalent errors per unit: 0.31 (STD: 0.06, 95% CI: ±0.07). (Weights: minor=1, major=5, critical=10)"
}