{
  "backend": {
    "dataset_name": "gentelmen",
    "evaluation_model": "gpt-5-mini",
    "evaluated_translation_model": "gpt-5.2"
  },
  "requested_eval_runs_per_translation": 4,
  "num_methods": 7,
  "total_successful_eval_runs": 68,
  "per_method": {
    "characters": {
      "num_translations": 3,
      "eval_runs_per_translation": 4,
      "observed_eval_runs_per_translation": [
        4
      ],
      "mean_major_equiv_per_unit": 0.23518518518518516,
      "translation_sd": 0.00424312564347763,
      "se_method": 0.0024497697324672137,
      "ci_95_half_width": 0.004801548675635738,
      "ci_95_lower": 0.23038363650954943,
      "ci_95_upper": 0.2399867338608209,
      "pooled_eval_run_sd": 0.05322262171555523,
      "avg_eval_noise": 0.026611310857777615,
      "translation_means": [
        0.23055555555555554,
        0.2361111111111111,
        0.23888888888888887
      ],
      "per_translation": {
        "1": {
          "mean_major_equiv_per_unit": 0.23055555555555554,
          "eval_run_sd": 0.06565591815272533,
          "eval_noise_se": 0.03282795907636266,
          "ci_95_half_width": 0.06434279978967082,
          "n_eval_runs": 4,
          "eval_scores": [
            0.22222222222222224,
            0.14444444444444443,
            0.25555555555555554,
            0.3
          ]
        },
        "2": {
          "mean_major_equiv_per_unit": 0.2361111111111111,
          "eval_run_sd": 0.04291344528243136,
          "eval_noise_se": 0.02145672264121568,
          "ci_95_half_width": 0.04205517637678273,
          "n_eval_runs": 4,
          "eval_scores": [
            0.2111111111111111,
            0.3,
            0.2111111111111111,
            0.22222222222222224
          ]
        },
        "3": {
          "mean_major_equiv_per_unit": 0.23888888888888887,
          "eval_run_sd": 0.04843221048378525,
          "eval_noise_se": 0.024216105241892626,
          "ci_95_half_width": 0.047463566274109546,
          "n_eval_runs": 4,
          "eval_scores": [
            0.3,
            0.25555555555555554,
            0.2,
            0.2
          ]
        }
      }
    },
    "examples": {
      "num_translations": 3,
      "eval_runs_per_translation": 4,
      "observed_eval_runs_per_translation": [
        4
      ],
      "mean_major_equiv_per_unit": 0.22685185185185186,
      "translation_sd": 0.030973571636440253,
      "se_method": 0.01788259992206294,
      "ci_95_half_width": 0.035049895847243356,
      "ci_95_lower": 0.1918019560046085,
      "ci_95_upper": 0.26190174769909524,
      "pooled_eval_run_sd": 0.0344961777966614,
      "avg_eval_noise": 0.0172480888983307,
      "translation_means": [
        0.19166666666666665,
        0.2388888888888889,
        0.25
      ],
      "per_translation": {
        "1": {
          "mean_major_equiv_per_unit": 0.19166666666666665,
          "eval_run_sd": 0.031914236925211274,
          "eval_noise_se": 0.015957118462605637,
          "ci_95_half_width": 0.03127595218670705,
          "n_eval_runs": 4,
          "eval_scores": [
            0.18888888888888888,
            0.18888888888888888,
            0.15555555555555556,
            0.23333333333333334
          ]
        },
        "2": {
          "mean_major_equiv_per_unit": 0.2388888888888889,
          "eval_run_sd": 0.03902093982538051,
          "eval_noise_se": 0.019510469912690256,
          "ci_95_half_width": 0.038240521028872904,
          "n_eval_runs": 4,
          "eval_scores": [
            0.2777777777777778,
            0.2,
            0.2111111111111111,
            0.26666666666666666
          ]
        },
        "3": {
          "mean_major_equiv_per_unit": 0.25,
          "eval_run_sd": 0.0320750149549792,
          "eval_noise_se": 0.0160375074774896,
          "ci_95_half_width": 0.03143351465587962,
          "n_eval_runs": 4,
          "eval_scores": [
            0.28888888888888886,
            0.24444444444444446,
            0.25555555555555554,
            0.2111111111111111
          ]
        }
      }
    },
    "list": {
      "num_translations": 3,
      "eval_runs_per_translation": 4,
      "observed_eval_runs_per_translation": [
        4
      ],
      "mean_major_equiv_per_unit": 0.22870370370370371,
      "translation_sd": 0.0451620311046563,
      "se_method": 0.02607431081542357,
      "ci_95_half_width": 0.05110564919823019,
      "ci_95_lower": 0.17759805450547353,
      "ci_95_upper": 0.2798093529019339,
      "pooled_eval_run_sd": 0.04577484109003065,
      "avg_eval_noise": 0.022887420545015327,
      "translation_means": [
        0.21944444444444444,
        0.18888888888888888,
        0.2777777777777778
      ],
      "per_translation": {
        "1": {
          "mean_major_equiv_per_unit": 0.21944444444444444,
          "eval_run_sd": 0.04194352464039306,
          "eval_noise_se": 0.02097176232019653,
          "ci_95_half_width": 0.0411046541475852,
          "n_eval_runs": 4,
          "eval_scores": [
            0.18888888888888888,
            0.2777777777777778,
            0.18888888888888888,
            0.22222222222222224
          ]
        },
        "2": {
          "mean_major_equiv_per_unit": 0.18888888888888888,
          "eval_run_sd": 0.03954473426678264,
          "eval_noise_se": 0.01977236713339132,
          "ci_95_half_width": 0.038753839581446986,
          "n_eval_runs": 4,
          "eval_scores": [
            0.15555555555555556,
            0.18888888888888888,
            0.16666666666666669,
            0.24444444444444446
          ]
        },
        "3": {
          "mean_major_equiv_per_unit": 0.2777777777777778,
          "eval_run_sd": 0.05443310539518173,
          "eval_noise_se": 0.027216552697590865,
          "ci_95_half_width": 0.053344443287278095,
          "n_eval_runs": 4,
          "eval_scores": [
            0.34444444444444444,
            0.23333333333333334,
            0.3,
            0.23333333333333334
          ]
        }
      }
    },
    "list-analysis": {
      "num_translations": 3,
      "eval_runs_per_translation": 4,
      "observed_eval_runs_per_translation": [
        4
      ],
      "mean_major_equiv_per_unit": 0.14814814814814814,
      "translation_sd": 0.02362472374476494,
      "se_method": 0.013639740613570582,
      "ci_95_half_width": 0.026733891602598342,
      "ci_95_lower": 0.1214142565455498,
      "ci_95_upper": 0.17488203975074648,
      "pooled_eval_run_sd": 0.04358741591088822,
      "avg_eval_noise": 0.02179370795544411,
      "translation_means": [
        0.175,
        0.1388888888888889,
        0.13055555555555556
      ],
      "per_translation": {
        "1": {
          "mean_major_equiv_per_unit": 0.175,
          "eval_run_sd": 0.0516198513509865,
          "eval_noise_se": 0.02580992567549325,
          "ci_95_half_width": 0.05058745432396677,
          "n_eval_runs": 4,
          "eval_scores": [
            0.17777777777777776,
            0.12222222222222223,
            0.15555555555555556,
            0.24444444444444446
          ]
        },
        "2": {
          "mean_major_equiv_per_unit": 0.1388888888888889,
          "eval_run_sd": 0.050102775031365496,
          "eval_noise_se": 0.025051387515682748,
          "ci_95_half_width": 0.049100719530738184,
          "n_eval_runs": 4,
          "eval_scores": [
            0.2,
            0.14444444444444443,
            0.07777777777777778,
            0.13333333333333333
          ]
        },
        "3": {
          "mean_major_equiv_per_unit": 0.13055555555555556,
          "eval_run_sd": 0.022906142364542553,
          "eval_noise_se": 0.011453071182271277,
          "ci_95_half_width": 0.022448019517251703,
          "n_eval_runs": 4,
          "eval_scores": [
            0.15555555555555556,
            0.11111111111111112,
            0.11111111111111112,
            0.14444444444444443
          ]
        }
      }
    },
    "meme-search": {
      "num_translations": 3,