{
  "dataset_name": "gentelmen",
  "backend": {
    "evaluation_model": "gpt-5-mini",
    "evaluated_translation_model": "gpt-5.2"
  },
  "requested_eval_runs_per_translation": 4,
  "num_methods": 8,
  "total_successful_eval_runs": 96,
  "overall_across_methods": {
    "mean_major_equiv_per_unit": 0.2064814814814815,
    "ci_95_lower": 0.14418962230097052,
    "ci_95_upper": 0.26877334066199243,
    "ci_95_half_width": 0.06229185918051097,
    "method_sd": 0.08989182865154449,
    "se_method_across_methods": 0.03178156080638315
  },
  "per_method": {
    "characters": {
      "num_translations": 3,
      "eval_runs_per_translation": 4,
      "observed_eval_runs_per_translation": [
        4
      ],
      "mean_major_equiv_per_unit": 0.23518518518518516,
      "translation_sd": 0.00424312564347763,
      "se_method": 0.0024497697324672137,
      "ci_95_half_width": 0.004801548675635738,
      "ci_95_lower": 0.23038363650954943,
      "ci_95_upper": 0.2399867338608209,
      "pooled_eval_run_sd": 0.04827747459153984,
      "avg_eval_noise": 0.02413873729576992,
      "translation_means": [
        0.23055555555555554,
        0.2361111111111111,
        0.23888888888888887
      ],
      "per_translation": {
        "1": {
          "mean_major_equiv_per_unit": 0.23055555555555554,
          "eval_run_sd": 0.06565591815272533,
          "eval_noise_se": 0.03282795907636266,
          "ci_95_half_width": 0.06434279978967082,
          "n_eval_runs": 4,
          "eval_scores": [
            0.22222222222222224,
            0.14444444444444443,
            0.25555555555555554,
            0.3
          ]
        },
        "2": {
          "mean_major_equiv_per_unit": 0.2361111111111111,
          "eval_run_sd": 0.04291344528243136,
          "eval_noise_se": 0.02145672264121568,
          "ci_95_half_width": 0.04205517637678273,
          "n_eval_runs": 4,
          "eval_scores": [
            0.2111111111111111,
            0.3,
            0.2111111111111111,
            0.22222222222222224
          ]
        },
        "3": {
          "mean_major_equiv_per_unit": 0.23888888888888887,
          "eval_run_sd": 0.04843221048378525,
          "eval_noise_se": 0.024216105241892626,
          "ci_95_half_width": 0.047463566274109546,
          "n_eval_runs": 4,
          "eval_scores": [
            0.3,
            0.25555555555555554,
            0.2,
            0.2
          ]
        }
      }
    },
    "examples": {
      "num_translations": 3,
      "eval_runs_per_translation": 4,
      "observed_eval_runs_per_translation": [
        4
      ],
      "mean_major_equiv_per_unit": 0.22685185185185186,
      "translation_sd": 0.030973571636440253,
      "se_method": 0.01788259992206294,
      "ci_95_half_width": 0.035049895847243356,
      "ci_95_lower": 0.1918019560046085,
      "ci_95_upper": 0.26190174769909524,
      "pooled_eval_run_sd": 0.04088206281771933,
      "avg_eval_noise": 0.020441031408859663,
      "translation_means": [
        0.19166666666666665,
        0.2388888888888889,
        0.25
      ],
      "per_translation": {
        "1": {
          "mean_major_equiv_per_unit": 0.19166666666666665,
          "eval_run_sd": 0.031914236925211274,
          "eval_noise_se": 0.015957118462605637,
          "ci_95_half_width": 0.03127595218670705,
          "n_eval_runs": 4,
          "eval_scores": [
            0.18888888888888888,
            0.18888888888888888,
            0.15555555555555556,
            0.23333333333333334
          ]
        },
        "2": {
          "mean_major_equiv_per_unit": 0.2388888888888889,
          "eval_run_sd": 0.03902093982538051,
          "eval_noise_se": 0.019510469912690256,
          "ci_95_half_width": 0.038240521028872904,
          "n_eval_runs": 4,
          "eval_scores": [
            0.2777777777777778,
            0.2,
            0.2111111111111111,
            0.26666666666666666
          ]
        },
        "3": {
          "mean_major_equiv_per_unit": 0.25,
          "eval_run_sd": 0.0320750149549792,
          "eval_noise_se": 0.0160375074774896,
          "ci_95_half_width": 0.03143351465587962,
          "n_eval_runs": 4,
          "eval_scores": [
            0.28888888888888886,
            0.24444444444444446,
            0.25555555555555554,
            0.2111111111111111
          ]
        }
      }
    },
    "given": {
      "num_translations": 3,
      "eval_runs_per_translation": 4,
      "observed_eval_runs_per_translation": [
        4
      ],
      "mean_major_equiv_per_unit": 0.007407407407407406,
      "translation_sd": 0.004243125643477629,
      "se_method": 0.0024497697324672133,
      "ci_95_half_width": 0.0048015486756357376,
      "ci_95_lower": 0.0026058587317716684,
      "ci_95_upper": 0.012208956083043144,
      "pooled_eval_run_sd": 0.008649988268461365,
      "avg_eval_noise": 0.0043249941342306825,
      "translation_means": [
        0.01111111111111111,
        0.0027777777777777775,
        0.008333333333333331
      ],
      "per_translation": {
        "1": {
          "mean_major_equiv_per_unit": 0.01111111111111111,
          "eval_run_sd": 0.009072184232530289,
          "eval_noise_se": 0.0045360921162651445,
          "ci_95_half_width": 0.008890740547879684,
          "n_eval_runs": 4,
          "eval_scores": [
            0.0,
            0.01111111111111111,
            0.01111111111111111,
            0.02222222222222222
          ]
        },
        "2": {
          "mean_major_equiv_per_unit": 0.0027777777777777775,
          "eval_run_sd": 0.005555555555555555,
          "eval_noise_se": 0.0027777777777777775,
          "ci_95_half_width": 0.005444444444444444,
          "n_eval_runs": 4,
          "eval_scores": [
            0.0,
            0.0,
            0.0,
            0.01111111111111111
          ]
        },
        "3": {
          "mean_major_equiv_per_unit": 0.008333333333333331,
          "eval_run_sd": 0.010638078975070422,
          "eval_noise_se": 0.005319039487535211,
          "ci_95_half_width": 0.010425317395569013,
          "n_eval_runs": 4,
          "eval_scores": [
            0.01111111111111111,
            0.0,
            0.0,
            0.02222222222222222
          ]
        }
      }
    },
    "list": {
      "num_translations": 3,
      "eval_runs_per_translation": 4,
      "observed_eval_runs_per_translation": [
        4
      ],
      "mean_major_equiv_per_unit": 0.22870370370370371,
      "translation_sd": 0.0451620311046563,
      "se_method": 0.02607431081542357,
      "ci_95_half_width": 0.05110564919823019,
      "ci_95_lower": 0.17759805450547353,
      "ci_95_upper": 0.2798093529019339,
      "pooled_eval_run_sd": 0.056548367968847185,
      "avg_eval_noise": 0.028274183984423593,
      "translation_means": [
        0.21944444444444444,
        0.18888888888888888,
        0.2777777777777778
      ],
      "per_translation": {
        "1": {
          "mean_major_equiv_per_unit": 0.21944444444444444,
          "eval_run_sd": 0.04194352464039306,
          "eval_noise_se": 0.02097176232019653,
          "ci_95_half_width": 0.0411046541475852,
          "n_eval_runs": 4,
          "eval_scores": [
            0.18888888888888888,
            0.2777777777777778,
            0.18888888888888888,
            0.22222222222222224
          ]
        },
        "2": {
          "mean_major_equiv_per_unit": 0.18888888888888888,
          "eval_run_sd": 0.03954473426678264,
          "eval_noise_se": 0.01977236713339132,
          "ci_95_half_width": 0.038753839581446986,
          "n_eval_runs": 4,
          "eval_scores": [
            0.15555555555555556,
            0.18888888888888888,
            0.16666666666666669,
            0.24444444444444446
          ]
        },
        "3": {
          "mean_major_equiv_per_unit": 0.2777777777777778,
          "eval_run_sd": 0.05443310539518173,
          "eval_noise_se": 0.027216552697590865,