{
  "methods": [
    {
      "method": "given",
      "num_translations": 3,
      "eval_runs_per_translation": 4,
      "mean_major_equiv_per_unit": 0.007407407407407406,
      "ci_95_half_width": 0.0048015486756357376,
      "translation_sd": 0.004243125643477629,
      "pooled_eval_run_sd": 0.008685955110784129,
      "avg_eval_noise": 0.004342977555392064
    },
    {
      "method": "noise",
      "num_translations": 2,
      "eval_runs_per_translation": 4,
      "mean_major_equiv_per_unit": 0.2847222222222222,
      "ci_95_half_width": 0.024500000000000022,
      "translation_sd": 0.017677669529663705,
      "pooled_eval_run_sd": 0.04963861168029708,
      "avg_eval_noise": 0.02481930584014854
    }
  ]
}