{
  "num_translations": 3,
  "eval_runs_per_translation": 15,
  "per_translation_mean_penalty": [
    3.242424242424242,
    3.2727272727272725,
    2.896969696969697
  ],
  "per_translation_mean_major_equiv": [
    0.6484848484848484,
    0.6545454545454545,
    0.5793939393939394
  ],
  "penalty_per_unit": {
    "mean": 3.1373737373737374,
    "median": 3.242424242424242,
    "std": 0.20874660570492434,
    "ci_95": 0.23621902163247113
  },
  "major_errors_per_unit": {
    "mean": 0.6274747474747474,
    "median": 0.6484848484848484,
    "std": 0.04174932114098491,
    "ci_95": 0.047243804326494276
  },
  "usage": {
    "total_input_tokens": 2724885,
    "total_output_tokens": 88893,
    "total_cost_usd": 6.013051
  },
  "interpretation": "Average MQM penalty per meaning unit: 3.14 (STD: 0.21, 95% CI: ±0.24). Major-equivalent errors per unit: 0.63 (STD: 0.04, 95% CI: ±0.05). (Weights: minor=1, major=5, critical=10)"
}