{
  "num_translations": 3,
  "eval_runs_per_translation": 15,
  "per_translation_mean_penalty": [
    3.3333333333333335,
    3.139393939393939,
    3.484848484848485
  ],
  "per_translation_mean_major_equiv": [
    0.6666666666666666,
    0.6278787878787878,
    0.696969696969697
  ],
  "penalty_per_unit": {
    "mean": 3.319191919191919,
    "median": 3.3333333333333335,
    "std": 0.17316089465939166,
    "ci_95": 0.19594999872364377
  },
  "major_errors_per_unit": {
    "mean": 0.6638383838383838,
    "median": 0.6666666666666666,
    "std": 0.034632178931878366,
    "ci_95": 0.03918999974472879
  },
  "usage": {
    "total_input_tokens": 2724510,
    "total_output_tokens": 89807,
    "total_cost_usd": 6.02519
  },
  "interpretation": "Average MQM penalty per meaning unit: 3.32 (STD: 0.17, 95% CI: ±0.20). Major-equivalent errors per unit: 0.66 (STD: 0.03, 95% CI: ±0.04). (Weights: minor=1, major=5, critical=10)"
}