{
  "backend": {
    "dataset_name": "ivan-vas",
    "evaluation_model": "gpt-5.4-mini",
    "evaluated_translation_model": "gpt-5.2"
  },
  "requested_eval_runs_per_translation": 4,
  "num_methods": 1,
  "total_successful_eval_runs": 36,
  "per_method": {
    "list-lang": {
      "num_translations": 3,
      "eval_runs_per_translation": 12,
      "observed_eval_runs_per_translation": [
        12
      ],
      "mean_major_equiv_per_unit": 0.7363636363636363,
      "translation_sd": 0.05905204627243966,
      "se_method": 0.03409371481159128,
      "ci_95_half_width": 0.06682368103071891,
      "ci_95_lower": 0.6695399553329174,
      "ci_95_upper": 0.8031873173943552,
      "pooled_eval_run_sd": 0.10087686345788245,
      "avg_eval_noise": 0.02912064213620678,
      "translation_means": [
        0.7515151515151515,
        0.7863636363636364,
        0.6712121212121211
      ],
      "per_translation": {
        "5": {
          "mean_major_equiv_per_unit": 0.7515151515151515,
          "eval_run_sd": 0.11968737974625153,
          "eval_noise_se": 0.034550770457549645,
          "ci_95_half_width": 0.0677195100967973,
          "n_eval_runs": 12,
          "eval_scores": [
            0.9272727272727274,
            0.6,
            0.7090909090909091,
            0.8,
            0.8363636363636363,
            0.6909090909090909,
            0.7272727272727273,
            0.7090909090909091,
            0.8727272727272727,
            0.6,
            0.6181818181818182,
            0.9272727272727274
          ]
        },
        "6": {
          "mean_major_equiv_per_unit": 0.7863636363636364,
          "eval_run_sd": 0.07360013392990784,
          "eval_noise_se": 0.0212465285684124,
          "ci_95_half_width": 0.041643195994088306,
          "n_eval_runs": 12,
          "eval_scores": [
            0.8909090909090909,
            0.7272727272727273,
            0.8363636363636363,
            0.6909090909090909,
            0.8727272727272727,
            0.8727272727272727,
            0.7636363636363637,
            0.8,
            0.8181818181818181,
            0.6727272727272727,
            0.7636363636363637,
            0.7272727272727273
          ]
        },
        "7": {
          "mean_major_equiv_per_unit": 0.6712121212121211,
          "eval_run_sd": 0.10385748003045801,
          "eval_noise_se": 0.02998107202647056,
          "ci_95_half_width": 0.05876290117188229,
          "n_eval_runs": 12,
          "eval_scores": [
            0.7818181818181819,
            0.7636363636363637,
            0.7636363636363637,
            0.8181818181818181,
            0.5272727272727272,
            0.6363636363636364,
            0.7454545454545454,
            0.6727272727272727,
            0.5272727272727272,
            0.6727272727272727,
            0.5818181818181818,
            0.5636363636363637
          ]
        }
      }
    }
  },
  "ranking": [
    {
      "method": "list-lang",
      "num_translations": 3,
      "eval_runs_per_translation": 12,
      "mean_major_equiv_per_unit": 0.7363636363636363,
      "ci_95_half_width": 0.06682368103071891,
      "translation_sd": 0.05905204627243966,
      "pooled_eval_run_sd": 0.10087686345788245,
      "avg_eval_noise": 0.02912064213620678
    }
  ],
  "usage": {
    "total_input_tokens": 112260,
    "total_output_tokens": 27032,
    "total_cost_usd": 0.205839
  }
}