{
  "backend": {
    "dataset_name": "ivan-vas",
    "evaluation_model": "gpt-5.4-mini",
    "evaluated_translation_model": "gpt-5.2"
  },
  "requested_eval_runs_per_translation": 4,
  "num_methods": 1,
  "total_successful_eval_runs": 4,
  "per_method": {
    "list-lang": {
      "num_translations": 1,
      "eval_runs_per_translation": 4,
      "observed_eval_runs_per_translation": [
        4
      ],
      "mean_major_equiv_per_unit": 0.6545454545454545,
      "translation_sd": 0.0,
      "se_method": 0.0,
      "ci_95_half_width": 0.0,
      "ci_95_lower": 0.6545454545454545,
      "ci_95_upper": 0.6545454545454545,
      "pooled_eval_run_sd": 0.039277216353987045,
      "avg_eval_noise": 0.019638608176993522,
      "translation_means": [
        0.6545454545454545
      ],
      "per_translation": {
        "4": {
          "mean_major_equiv_per_unit": 0.6545454545454545,
          "eval_run_sd": 0.039277216353987045,
          "eval_noise_se": 0.019638608176993522,
          "ci_95_half_width": 0.0384916720269073,
          "n_eval_runs": 4,
          "eval_scores": [
            0.6909090909090909,
            0.6727272727272727,
            0.6,
            0.6545454545454545
          ]
        }
      }
    }
  },
  "ranking": [
    {
      "method": "list-lang",
      "num_translations": 1,
      "eval_runs_per_translation": 4,
      "mean_major_equiv_per_unit": 0.6545454545454545,
      "ci_95_half_width": 0.0,
      "translation_sd": 0.0,
      "pooled_eval_run_sd": 0.039277216353987045,
      "avg_eval_noise": 0.019638608176993522
    }
  ],
  "usage": {
    "total_input_tokens": 12448,
    "total_output_tokens": 2814,
    "total_cost_usd": 0.021999
  }
}