{
  "backend": {
    "dataset_name": "ivan-vas",
    "evaluation_model": "gpt-5.4-mini",
    "evaluated_translation_model": "gpt-5.2"
  },
  "requested_eval_runs_per_translation": 4,
  "num_methods": 7,
  "total_successful_eval_runs": 174,
  "per_method": {
    "characters": {
      "num_translations": 2,
      "eval_runs_per_translation": 16,
      "observed_eval_runs_per_translation": [
        16
      ],
      "mean_major_equiv_per_unit": 0.6380681818181818,
      "translation_sd": 0.08276363461615266,
      "se_method": 0.058522727272727226,
      "ci_95_half_width": 0.11470454545454536,
      "ci_95_lower": 0.5233636363636365,
      "ci_95_upper": 0.7527727272727271,
      "pooled_eval_run_sd": 0.10566267340439664,
      "avg_eval_noise": 0.02641566835109916,
      "translation_means": [
        0.5795454545454546,
        0.696590909090909
      ],
      "per_translation": {
        "14": {
          "mean_major_equiv_per_unit": 0.5795454545454546,
          "eval_run_sd": 0.10261055316016336,
          "eval_noise_se": 0.02565263829004084,
          "ci_95_half_width": 0.050279171048480044,
          "n_eval_runs": 16,
          "eval_scores": [
            0.6909090909090909,
            0.4909090909090909,
            0.7272727272727273,
            0.4545454545454546,
            0.6181818181818182,
            0.6,
            0.7636363636363637,
            0.6545454545454545,
            0.4,
            0.509090909090909,
            0.4909090909090909,
            0.5818181818181818,
            0.4909090909090909,
            0.6545454545454545,
            0.5636363636363637,
            0.5818181818181818
          ]
        },
        "15": {
          "mean_major_equiv_per_unit": 0.696590909090909,
          "eval_run_sd": 0.10862907291371708,
          "eval_noise_se": 0.02715726822842927,
          "ci_95_half_width": 0.05322824572772137,
          "n_eval_runs": 16,
          "eval_scores": [
            0.7090909090909091,
            0.7818181818181819,
            0.7090909090909091,
            0.5818181818181818,
            0.8363636363636363,
            0.6363636363636364,
            0.6363636363636364,
            0.6181818181818182,
            0.4909090909090909,
            0.7454545454545454,
            0.5818181818181818,
            0.7272727272727273,
            0.8727272727272727,
            0.8545454545454545,
            0.6181818181818182,
            0.7454545454545454
          ]
        }
      }
    },
    "characters-lang": {
      "num_translations": 1,
      "eval_runs_per_translation": 12,
      "observed_eval_runs_per_translation": [
        12
      ],
      "mean_major_equiv_per_unit": 0.7075757575757575,
      "translation_sd": 0.0,
      "se_method": 0.0,
      "ci_95_half_width": 0.0,
      "ci_95_lower": 0.7075757575757575,
      "ci_95_upper": 0.7075757575757575,
      "pooled_eval_run_sd": 0.08221513744709381,
      "avg_eval_noise": 0.02373346586827085,
      "translation_means": [
        0.7075757575757575
      ],
      "per_translation": {
        "19": {
          "mean_major_equiv_per_unit": 0.7075757575757575,
          "eval_run_sd": 0.08221513744709381,
          "eval_noise_se": 0.02373346586827085,
          "ci_95_half_width": 0.04651759310181086,
          "n_eval_runs": 12,
          "eval_scores": [
            0.8545454545454545,
            0.7818181818181819,
            0.8181818181818181,
            0.6181818181818182,
            0.6,
            0.6181818181818182,
            0.7454545454545454,
            0.6545454545454545,
            0.7090909090909091,
            0.7272727272727273,
            0.7090909090909091,
            0.6545454545454545
          ]
        }
      }
    },
    "list": {
      "num_translations": 2,
      "eval_runs_per_translation": 12,
      "observed_eval_runs_per_translation": [
        12
      ],
      "mean_major_equiv_per_unit": 0.7575757575757576,
      "translation_sd": 0.14142135623730948,
      "se_method": 0.09999999999999998,
      "ci_95_half_width": 0.19599999999999995,
      "ci_95_lower": 0.5615757575757576,
      "ci_95_upper": 0.9535757575757575,
      "pooled_eval_run_sd": 0.09552994529614522,
      "avg_eval_noise": 0.027577119816199838,
      "translation_means": [
        0.8575757575757575,
        0.6575757575757576
      ],
      "per_translation": {
        "13": {
          "mean_major_equiv_per_unit": 0.8575757575757575,
          "eval_run_sd": 0.11804399677262117,
          "eval_noise_se": 0.034076366656446075,
          "ci_95_half_width": 0.0667896786466343,
          "n_eval_runs": 12,
          "eval_scores": [
            0.7090909090909091,
            0.8363636363636363,
            0.9636363636363636,
            0.9636363636363636,
            0.8545454545454545,
            0.9454545454545455,
            0.9090909090909092,
            0.6545454545454545,
            0.8181818181818181,
            1.0363636363636364,
            0.8909090909090909,
            0.7090909090909091
          ]
        },
        "14": {
          "mean_major_equiv_per_unit": 0.6575757575757576,
          "eval_run_sd": 0.06570811002086731,
          "eval_noise_se": 0.018968297504244645,
          "ci_95_half_width": 0.037177863108319505,
          "n_eval_runs": 12,
          "eval_scores": [
            0.5818181818181818,
            0.6727272727272727,
            0.5272727272727272,
            0.6545454545454545,
            0.6727272727272727,
            0.6545454545454545,
            0.6545454545454545,
            0.6909090909090909,
            0.6181818181818182,
            0.8,
            0.6909090909090909,
            0.6727272727272727
          ]
        }
      }
    },
    "list-analysis-lang": {
      "num_translations": 1,
      "eval_runs_per_translation": 12,
      "observed_eval_runs_per_translation": [
        12
      ],
      "mean_major_equiv_per_unit": 0.4409090909090909,
      "translation_sd": 0.0,
      "se_method": 0.0,
      "ci_95_half_width": 0.0,
      "ci_95_lower": 0.4409090909090909,
      "ci_95_upper": 0.4409090909090909,
      "pooled_eval_run_sd": 0.05031829566905379,
      "avg_eval_noise": 0.014525640774845694,
      "translation_means": [
        0.4409090909090909
      ],
      "per_translation": {
        "13": {
          "mean_major_equiv_per_unit": 0.4409090909090909,
          "eval_run_sd": 0.05031829566905379,
          "eval_noise_se": 0.014525640774845694,
          "ci_95_half_width": 0.02847025591869756,
          "n_eval_runs": 12,
          "eval_scores": [
            0.4727272727272728,
            0.509090909090909,
            0.4545454545454546,
            0.34545454545454546,
            0.4727272727272728,
            0.4545454545454546,
            0.4727272727272728,
            0.4,
            0.4727272727272728,
            0.38181818181818183,
            0.4727272727272728,
            0.38181818181818183
          ]
        }
      }
    },
    "list-lang": {
      "num_translations": 3,
      "eval_runs_per_translation": 12,
      "observed_eval_runs_per_translation": [
        12
      ],
      "mean_major_equiv_per_unit": 0.7131313131313132,
      "translation_sd": 0.012886212951690028,
      "se_method": 0.00743985851649308,
      "ci_95_half_width": 0.014582122692326437,
      "ci_95_lower": 0.6985491904389868,
      "ci_95_upper": 0.7277134358236396,
      "pooled_eval_run_sd": 0.10526660685647206,
      "avg_eval_noise": 0.030387851902631324,
      "translation_means": [
        0.7136363636363636,
        0.7,
        0.7257575757575758
      ],
      "per_translation": {
        "12": {
          "mean_major_equiv_per_unit": 0.7136363636363636,
          "eval_run_sd": 0.10605273485156629,
          "eval_noise_se": 0.030614787507423902,
          "ci_95_half_width": 0.06000498351455085,
          "n_eval_runs": 12,