{
  "backend": {
    "dataset_name": "ivan-vas",
    "evaluation_model": "gpt-5.4-mini",
    "evaluated_translation_model": "gpt-5.2"
  },
  "requested_eval_runs_per_translation": 4,
  "num_methods": 1,
  "total_successful_eval_runs": 12,
  "per_method": {
    "list-lang": {
      "num_translations": 1,
      "eval_runs_per_translation": 12,
      "observed_eval_runs_per_translation": [
        12
      ],
      "mean_major_equiv_per_unit": 0.7545454545454545,
      "translation_sd": 0.0,
      "se_method": 0.0,
      "ci_95_half_width": 0.0,
      "ci_95_lower": 0.7545454545454545,
      "ci_95_upper": 0.7545454545454545,
      "pooled_eval_run_sd": 0.10357980187698047,
      "avg_eval_noise": 0.02990091324814139,
      "translation_means": [
        0.7545454545454545
      ],
      "per_translation": {
        "8": {
          "mean_major_equiv_per_unit": 0.7545454545454545,
          "eval_run_sd": 0.10357980187698047,
          "eval_noise_se": 0.02990091324814139,
          "ci_95_half_width": 0.058605789966357125,
          "n_eval_runs": 12,
          "eval_scores": [
            0.7636363636363637,
            0.8181818181818181,
            0.6727272727272727,
            0.7636363636363637,
            0.8727272727272727,
            0.6545454545454545,
            0.6181818181818182,
            0.8727272727272727,
            0.6181818181818182,
            0.8363636363636363,
            0.8909090909090909,
            0.6727272727272727
          ]
        }
      }
    }
  },
  "ranking": [
    {
      "method": "list-lang",
      "num_translations": 1,
      "eval_runs_per_translation": 12,
      "mean_major_equiv_per_unit": 0.7545454545454545,
      "ci_95_half_width": 0.0,
      "translation_sd": 0.0,
      "pooled_eval_run_sd": 0.10357980187698047,
      "avg_eval_noise": 0.02990091324814139
    }
  ],
  "usage": {
    "total_input_tokens": 37344,
    "total_output_tokens": 10153,
    "total_cost_usd": 0.073696
  }
}