{
  "methods": [
    {
      "method": "noise",
      "num_translations": 11,
      "eval_runs_per_translation": 2,
      "mean_major_equiv_per_unit": 0.7297520661157025,
      "ci_95_half_width": 0.04443782640130119,
      "translation_sd": 0.07519571258778839,
      "pooled_eval_run_sd": 0.11583817308686363,
      "avg_eval_noise": 0.08190995770998229
    },
    {
      "method": "narratives",
      "num_translations": 3,
      "eval_runs_per_translation": 12,
      "mean_major_equiv_per_unit": 0.7727272727272727,
      "ci_95_half_width": 0.02832910355723053,
      "translation_sd": 0.02503441157857321,
      "pooled_eval_run_sd": 0.1993101048776406,
      "avg_eval_noise": 0.05753587135165917
    }
  ]
}