{
  "methods": [
    {
      "method": "list-lang",
      "num_translations": 3,
      "eval_runs_per_translation": 12,
      "mean_major_equiv_per_unit": 0.7363636363636363,
      "ci_95_half_width": 0.06682368103071891,
      "translation_sd": 0.05905204627243966,
      "pooled_eval_run_sd": 0.10087686345788245,
      "avg_eval_noise": 0.02912064213620678
    }
  ]
}