{
  "num_translations": 4,
  "eval_runs_per_translation": 10,
  "major_equiv_per_unit": {
    "mean": 0.5777272727272728,
    "ci_95_lower": 0.5434417385876437,
    "ci_95_upper": 0.6120128068669018,
    "ci_95_half_width": 0.03428553413962905,
    "between_translation_sd": 0.034985238917988826,
    "se_method": 0.017492619458994413
  },
  "evaluation_noise_diagnostic": {
    "run_level_sd": 0.1002212005729778
  },
  "usage": {
    "total_input_tokens": 2647900,
    "total_output_tokens": 82331,
    "total_cost_usd": 5.786459
  }
}