{
  "num_translations": 3,
  "eval_runs_per_translation": 15,
  "per_translation_mean_penalty": [
    2.8484848484848486,
    2.7393939393939393,
    3.7696969696969695
  ],
  "per_translation_mean_major_equiv": [
    0.5696969696969697,
    0.5478787878787879,
    0.7539393939393939
  ],
  "penalty_per_unit": {
    "mean": 3.1191919191919193,
    "median": 2.8484848484848486,
    "std": 0.5659883586797558,
    "ci_95": 0.6404761212342249
  },
  "major_errors_per_unit": {
    "mean": 0.6238383838383839,
    "median": 0.5696969696969697,
    "std": 0.11319767173595116,
    "ci_95": 0.128095224246845
  },
  "usage": {
    "total_input_tokens": 2726070,
    "total_output_tokens": 86174,
    "total_cost_usd": 5.977058
  },
  "interpretation": "Average MQM penalty per meaning unit: 3.12 (STD: 0.57, 95% CI: ±0.64). Major-equivalent errors per unit: 0.62 (STD: 0.11, 95% CI: ±0.13). (Weights: minor=1, major=5, critical=10)"
}