{
  "backend": {
    "dataset_name": "ivan-vas",
    "evaluation_model": "gpt-5.4-mini",
    "evaluated_translation_model": "gpt-5.2"
  },
  "requested_eval_runs_per_translation": 4,
  "num_methods": 7,
  "total_successful_eval_runs": 132,
  "per_method": {
    "characters": {
      "num_translations": 1,
      "eval_runs_per_translation": 16,
      "observed_eval_runs_per_translation": [
        16
      ],
      "mean_major_equiv_per_unit": 0.6125,
      "translation_sd": 0.0,
      "se_method": 0.0,
      "ci_95_half_width": 0.0,
      "ci_95_lower": 0.6125,
      "ci_95_upper": 0.6125,
      "pooled_eval_run_sd": 0.09240436944816488,
      "avg_eval_noise": 0.02310109236204122,
      "translation_means": [
        0.6125
      ],
      "per_translation": {
        "17": {
          "mean_major_equiv_per_unit": 0.6125,
          "eval_run_sd": 0.09240436944816488,
          "eval_noise_se": 0.02310109236204122,
          "ci_95_half_width": 0.04527814102960079,
          "n_eval_runs": 16,
          "eval_scores": [
            0.7454545454545454,
            0.6909090909090909,
            0.5454545454545454,
            0.6363636363636364,
            0.7090909090909091,
            0.5454545454545454,
            0.5818181818181818,
            0.5636363636363637,
            0.5818181818181818,
            0.6363636363636364,
            0.36363636363636365,
            0.6909090909090909,
            0.6181818181818182,
            0.6545454545454545,
            0.5454545454545454,
            0.6909090909090909
          ]
        }
      }
    },
    "characters-lang": {
      "num_translations": 1,
      "eval_runs_per_translation": 12,
      "observed_eval_runs_per_translation": [
        12
      ],
      "mean_major_equiv_per_unit": 0.7257575757575757,
      "translation_sd": 0.0,
      "se_method": 0.0,
      "ci_95_half_width": 0.0,
      "ci_95_lower": 0.7257575757575757,
      "ci_95_upper": 0.7257575757575757,
      "pooled_eval_run_sd": 0.08366450598511313,
      "avg_eval_noise": 0.024151862526061062,
      "translation_means": [
        0.7257575757575757
      ],
      "per_translation": {
        "21": {
          "mean_major_equiv_per_unit": 0.7257575757575757,
          "eval_run_sd": 0.08366450598511313,
          "eval_noise_se": 0.024151862526061062,
          "ci_95_half_width": 0.047337650551079684,
          "n_eval_runs": 12,
          "eval_scores": [
            0.7090909090909091,
            0.6727272727272727,
            0.6909090909090909,
            0.8363636363636363,
            0.6909090909090909,
            0.7818181818181819,
            0.5818181818181818,
            0.6909090909090909,
            0.8363636363636363,
            0.8545454545454545,
            0.6545454545454545,
            0.7090909090909091
          ]
        }
      }
    },
    "list": {
      "num_translations": 2,
      "eval_runs_per_translation": 12,
      "observed_eval_runs_per_translation": [
        12
      ],
      "mean_major_equiv_per_unit": 0.693939393939394,
      "translation_sd": 0.040712208613770944,
      "se_method": 0.028787878787878803,
      "ci_95_half_width": 0.05642424242424245,
      "ci_95_lower": 0.6375151515151515,
      "ci_95_upper": 0.7503636363636365,
      "pooled_eval_run_sd": 0.10496084681388008,
      "avg_eval_noise": 0.030299586581182373,
      "translation_means": [
        0.7227272727272728,
        0.6651515151515152
      ],
      "per_translation": {
        "17": {
          "mean_major_equiv_per_unit": 0.7227272727272728,
          "eval_run_sd": 0.05703676961315246,
          "eval_noise_se": 0.01646509714493012,
          "ci_95_half_width": 0.032271590404063036,
          "n_eval_runs": 12,
          "eval_scores": [
            0.7090909090909091,
            0.6545454545454545,
            0.8,
            0.7454545454545454,
            0.8181818181818181,
            0.6545454545454545,
            0.7636363636363637,
            0.6909090909090909,
            0.7818181818181819,
            0.6909090909090909,
            0.6727272727272727,
            0.6909090909090909
          ]
        },
        "18": {
          "mean_major_equiv_per_unit": 0.6651515151515152,
          "eval_run_sd": 0.13704147415972207,
          "eval_noise_se": 0.03956046599812934,
          "ci_95_half_width": 0.07753851335633351,
          "n_eval_runs": 12,
          "eval_scores": [
            0.5818181818181818,
            0.6363636363636364,
            0.7636363636363637,
            0.4727272727272728,
            0.7272727272727273,
            0.5818181818181818,
            0.6,
            0.41818181818181815,
            0.8181818181818181,
            0.7636363636363637,
            0.8363636363636363,
            0.7818181818181819
          ]
        }
      }
    },
    "list-lang": {
      "num_translations": 2,
      "eval_runs_per_translation": 12,
      "observed_eval_runs_per_translation": [
        12
      ],
      "mean_major_equiv_per_unit": 0.668939393939394,
      "translation_sd": 0.0653538085642112,
      "se_method": 0.046212121212121204,
      "ci_95_half_width": 0.09057575757575756,
      "ci_95_lower": 0.5783636363636364,
      "ci_95_upper": 0.7595151515151515,
      "pooled_eval_run_sd": 0.0961245018699945,
      "avg_eval_noise": 0.027748753515180004,
      "translation_means": [
        0.7151515151515151,
        0.6227272727272727
      ],
      "per_translation": {
        "16": {
          "mean_major_equiv_per_unit": 0.7151515151515151,
          "eval_run_sd": 0.10206974040250721,
          "eval_noise_se": 0.02946499604875138,
          "ci_95_half_width": 0.05775139225555271,
          "n_eval_runs": 12,
          "eval_scores": [
            0.7818181818181819,
            0.7272727272727273,
            0.8909090909090909,
            0.509090909090909,
            0.7272727272727273,
            0.7636363636363637,
            0.6545454545454545,
            0.7454545454545454,
            0.5818181818181818,
            0.6545454545454545,
            0.7454545454545454,
            0.8
          ]
        },
        "17": {
          "mean_major_equiv_per_unit": 0.6227272727272727,
          "eval_run_sd": 0.08978645673860804,
          "eval_noise_se": 0.02591911748380902,
          "ci_95_half_width": 0.050801470268265675,
          "n_eval_runs": 12,
          "eval_scores": [
            0.7636363636363637,
            0.4545454545454546,
            0.5272727272727272,
            0.5454545454545454,
            0.6727272727272727,
            0.6363636363636364,
            0.6363636363636364,
            0.5454545454545454,
            0.6181818181818182,
            0.6545454545454545,
            0.6909090909090909,
            0.7272727272727273
          ]
        }
      }
    },
    "narratives": {
      "num_translations": 2,
      "eval_runs_per_translation": 12,
      "observed_eval_runs_per_translation": [
        12
      ],
      "mean_major_equiv_per_unit": 0.6575757575757575,
      "translation_sd": 0.10070914762353861,
      "se_method": 0.07121212121212123,
      "ci_95_half_width": 0.1395757575757576,
      "ci_95_lower": 0.5179999999999999,
      "ci_95_upper": 0.797151515151515,
      "pooled_eval_run_sd": 0.1016148106678222,
      "avg_eval_noise": 0.029333669146360004,
      "translation_means": [
        0.5863636363636363,
        0.7287878787878788
      ],
      "per_translation": {
        "13": {
          "mean_major_equiv_per_unit": 0.5863636363636363,
          "eval_run_sd": 0.09209964224783294,
          "eval_noise_se": 0.026586876622027293,
          "ci_95_half_width": 0.05211027817917349,
          "n_eval_runs": 12,