{
  "backend": {
    "dataset_name": "ivan-vas",
    "evaluation_model": "gpt-5.4-mini",
    "evaluated_translation_model": "gpt-5.2"
  },
  "requested_eval_runs_per_translation": 4,
  "num_methods": 7,
  "total_successful_eval_runs": 120,
  "per_method": {
    "characters": {
      "num_translations": 1,
      "eval_runs_per_translation": 16,
      "observed_eval_runs_per_translation": [
        16
      ],
      "mean_major_equiv_per_unit": 0.7193181818181819,
      "translation_sd": 0.0,
      "se_method": 0.0,
      "ci_95_half_width": 0.0,
      "ci_95_lower": 0.7193181818181819,
      "ci_95_upper": 0.7193181818181819,
      "pooled_eval_run_sd": 0.0907802116760912,
      "avg_eval_noise": 0.0226950529190228,
      "translation_means": [
        0.7193181818181819
      ],
      "per_translation": {
        "16": {
          "mean_major_equiv_per_unit": 0.7193181818181819,
          "eval_run_sd": 0.0907802116760912,
          "eval_noise_se": 0.0226950529190228,
          "ci_95_half_width": 0.044482303721284686,
          "n_eval_runs": 16,
          "eval_scores": [
            0.7818181818181819,
            0.7272727272727273,
            0.6727272727272727,
            0.7636363636363637,
            0.6181818181818182,
            0.9454545454545455,
            0.7454545454545454,
            0.7090909090909091,
            0.6909090909090909,
            0.7272727272727273,
            0.6727272727272727,
            0.6,
            0.7090909090909091,
            0.7636363636363637,
            0.5636363636363637,
            0.8181818181818181
          ]
        }
      }
    },
    "characters-lang": {
      "num_translations": 1,
      "eval_runs_per_translation": 12,
      "observed_eval_runs_per_translation": [
        12
      ],
      "mean_major_equiv_per_unit": 0.6696969696969697,
      "translation_sd": 0.0,
      "se_method": 0.0,
      "ci_95_half_width": 0.0,
      "ci_95_lower": 0.6696969696969697,
      "ci_95_upper": 0.6696969696969697,
      "pooled_eval_run_sd": 0.11981286017185082,
      "avg_eval_noise": 0.03458699353629853,
      "translation_means": [
        0.6696969696969697
      ],
      "per_translation": {
        "20": {
          "mean_major_equiv_per_unit": 0.6696969696969697,
          "eval_run_sd": 0.11981286017185082,
          "eval_noise_se": 0.03458699353629853,
          "ci_95_half_width": 0.06779050733114511,
          "n_eval_runs": 12,
          "eval_scores": [
            0.5636363636363637,
            0.5454545454545454,
            0.6,
            0.6545454545454545,
            0.7454545454545454,
            0.7272727272727273,
            0.6545454545454545,
            0.7090909090909091,
            0.7454545454545454,
            0.5818181818181818,
            0.9636363636363636,
            0.5454545454545454
          ]
        }
      }
    },
    "list": {
      "num_translations": 2,
      "eval_runs_per_translation": 12,
      "observed_eval_runs_per_translation": [
        12
      ],
      "mean_major_equiv_per_unit": 0.7734848484848484,
      "translation_sd": 0.084638538960208,
      "se_method": 0.059848484848484866,
      "ci_95_half_width": 0.11730303030303034,
      "ci_95_lower": 0.6561818181818181,
      "ci_95_upper": 0.8907878787878788,
      "pooled_eval_run_sd": 0.1298393312555813,
      "avg_eval_noise": 0.037481386425905434,
      "translation_means": [
        0.8333333333333334,
        0.7136363636363636
      ],
      "per_translation": {
        "15": {
          "mean_major_equiv_per_unit": 0.8333333333333334,
          "eval_run_sd": 0.13379584194889962,
          "eval_noise_se": 0.03862353268282491,
          "ci_95_half_width": 0.07570212405833682,
          "n_eval_runs": 12,
          "eval_scores": [
            0.9454545454545455,
            0.6909090909090909,
            0.8727272727272727,
            0.8363636363636363,
            1.0,
            0.9454545454545455,
            0.6727272727272727,
            0.6,
            0.9454545454545455,
            0.7272727272727273,
            0.8,
            0.9636363636363636
          ]
        },
        "16": {
          "mean_major_equiv_per_unit": 0.7136363636363636,
          "eval_run_sd": 0.1257584055201807,
          "eval_noise_se": 0.03630332463996722,
          "ci_95_half_width": 0.07115451629433575,
          "n_eval_runs": 12,
          "eval_scores": [
            0.6909090909090909,
            0.7090909090909091,
            0.7454545454545454,
            0.7818181818181819,
            0.9818181818181818,
            0.5454545454545454,
            0.7272727272727273,
            0.7454545454545454,
            0.7272727272727273,
            0.6181818181818182,
            0.8,
            0.4909090909090909
          ]
        }
      }
    },
    "list-analysis-lang": {
      "num_translations": 1,
      "eval_runs_per_translation": 12,
      "observed_eval_runs_per_translation": [
        12
      ],
      "mean_major_equiv_per_unit": 0.4893939393939394,
      "translation_sd": 0.0,
      "se_method": 0.0,
      "ci_95_half_width": 0.0,
      "ci_95_lower": 0.4893939393939394,
      "ci_95_upper": 0.4893939393939394,
      "pooled_eval_run_sd": 0.051693097300702956,
      "avg_eval_noise": 0.014922511820903185,
      "translation_means": [
        0.4893939393939394
      ],
      "per_translation": {
        "14": {
          "mean_major_equiv_per_unit": 0.4893939393939394,
          "eval_run_sd": 0.051693097300702956,
          "eval_noise_se": 0.014922511820903185,
          "ci_95_half_width": 0.02924812316897024,
          "n_eval_runs": 12,
          "eval_scores": [
            0.4909090909090909,
            0.4909090909090909,
            0.5272727272727272,
            0.4545454545454546,
            0.43636363636363634,
            0.4545454545454546,
            0.41818181818181815,
            0.5818181818181818,
            0.5454545454545454,
            0.43636363636363634,
            0.4909090909090909,
            0.5454545454545454
          ]
        }
      }
    },
    "list-lang": {
      "num_translations": 1,
      "eval_runs_per_translation": 12,
      "observed_eval_runs_per_translation": [
        12
      ],
      "mean_major_equiv_per_unit": 0.9318181818181819,
      "translation_sd": 0.0,
      "se_method": 0.0,
      "ci_95_half_width": 0.0,
      "ci_95_lower": 0.9318181818181819,
      "ci_95_upper": 0.9318181818181819,
      "pooled_eval_run_sd": 0.1501564423361727,
      "avg_eval_noise": 0.04334643120167292,
      "translation_means": [
        0.9318181818181819
      ],
      "per_translation": {
        "15": {
          "mean_major_equiv_per_unit": 0.9318181818181819,
          "eval_run_sd": 0.1501564423361727,
          "eval_noise_se": 0.04334643120167292,
          "ci_95_half_width": 0.08495900515527892,
          "n_eval_runs": 12,
          "eval_scores": [
            1.018181818181818,
            0.8545454545454545,
            0.6,
            1.1454545454545455,
            0.9818181818181818,
            0.9818181818181818,
            1.1272727272727274,
            0.9454545454545455,
            0.9636363636363636,
            0.8545454545454545,
            0.7636363636363637,
            0.9454545454545455
          ]
        }
      }
    },
    "noise": {
      "num_translations": 1,
      "eval_runs_per_translation": 8,
      "observed_eval_runs_per_translation": [
        8
      ],
      "mean_major_equiv_per_unit": 0.6181818181818182,
      "translation_sd": 0.0,
      "se_method": 0.0,
      "ci_95_half_width": 0.0,
      "ci_95_lower": 0.6181818181818182,
      "ci_95_upper": 0.6181818181818182,
      "pooled_eval_run_sd": 0.08131156281817419,
      "avg_eval_noise": 0.028747978728803452,
      "translation_means": [
        0.6181818181818182
      ],
      "per_translation": {
        "12": {
          "mean_major_equiv_per_unit": 0.6181818181818182,