{
  "backend": {
    "dataset_name": "ivan-vas",
    "evaluation_model": "gpt-5.4-mini",
    "evaluated_translation_model": "gpt-5.2"
  },
  "requested_eval_runs_per_translation": 4,
  "num_methods": 1,
  "total_successful_eval_runs": 168,
  "per_method": {
    "list-lang": {
      "num_translations": 21,
      "eval_runs_per_translation": 8,
      "observed_eval_runs_per_translation": [
        8
      ],
      "mean_major_equiv_per_unit": 0.716991341991342,
      "translation_sd": 0.09274459243224405,
      "se_method": 0.02023852929136128,
      "ci_95_half_width": 0.03966751741106811,
      "ci_95_lower": 0.6773238245802738,
      "ci_95_upper": 0.7566588594024101,
      "pooled_eval_run_sd": 0.12110810317309756,
      "avg_eval_noise": 0.042818180505168654,
      "translation_means": [
        0.5431818181818182,
        0.6613636363636364,
        0.7318181818181818,
        0.6613636363636364,
        0.7704545454545455,
        0.8204545454545454,
        0.7431818181818182,
        0.7886363636363637,
        0.6272727272727272,
        0.8318181818181818,
        0.6590909090909091,
        0.675,
        0.6681818181818182,
        0.7795454545454545,
        0.9204545454545454,
        0.725,
        0.6272727272727273,
        0.8636363636363636,
        0.6590909090909091,
        0.6545454545454545,
        0.6454545454545455
      ],
      "per_translation": {
        "1": {
          "mean_major_equiv_per_unit": 0.5431818181818182,
          "eval_run_sd": 0.09691218532619589,
          "eval_noise_se": 0.034263631711880266,
          "ci_95_half_width": 0.06715671815528532,
          "n_eval_runs": 8,
          "eval_scores": [
            0.5818181818181818,
            0.43636363636363634,
            0.5818181818181818,
            0.6,
            0.5454545454545454,
            0.41818181818181815,
            0.7090909090909091,
            0.4727272727272728
          ]
        },
        "2": {
          "mean_major_equiv_per_unit": 0.6613636363636364,
          "eval_run_sd": 0.08797203591321201,
          "eval_noise_se": 0.03110281157450935,
          "ci_95_half_width": 0.06096151068603833,
          "n_eval_runs": 8,
          "eval_scores": [
            0.6363636363636364,
            0.7636363636363637,
            0.7636363636363637,
            0.5636363636363637,
            0.5818181818181818,
            0.6727272727272727,
            0.5636363636363637,
            0.7454545454545454
          ]
        },
        "3": {
          "mean_major_equiv_per_unit": 0.7318181818181818,
          "eval_run_sd": 0.12847300443653226,
          "eval_noise_se": 0.04542206631824068,
          "ci_95_half_width": 0.08902724998375174,
          "n_eval_runs": 8,
          "eval_scores": [
            0.8,
            0.7090909090909091,
            0.7090909090909091,
            0.9454545454545455,
            0.6,
            0.5636363636363637,
            0.6727272727272727,
            0.8545454545454545
          ]
        },
        "4": {
          "mean_major_equiv_per_unit": 0.6613636363636364,
          "eval_run_sd": 0.04853217387286958,
          "eval_noise_se": 0.017158714625615332,
          "ci_95_half_width": 0.03363108066620605,
          "n_eval_runs": 8,
          "eval_scores": [
            0.6545454545454545,
            0.6363636363636364,
            0.6727272727272727,
            0.7272727272727273,
            0.6545454545454545,
            0.6909090909090909,
            0.5636363636363637,
            0.6909090909090909
          ]
        },
        "5": {
          "mean_major_equiv_per_unit": 0.7704545454545455,
          "eval_run_sd": 0.1859117105203937,
          "eval_noise_se": 0.0657297156054804,
          "ci_95_half_width": 0.12883024258674158,
          "n_eval_runs": 8,
          "eval_scores": [
            1.1272727272727274,
            0.7636363636363637,
            0.4909090909090909,
            0.8909090909090909,
            0.7818181818181819,
            0.6363636363636364,
            0.7636363636363637,
            0.7090909090909091
          ]
        },
        "6": {
          "mean_major_equiv_per_unit": 0.8204545454545454,
          "eval_run_sd": 0.13090818903008233,
          "eval_noise_se": 0.046283034088010815,
          "ci_95_half_width": 0.09071474681250119,
          "n_eval_runs": 8,
          "eval_scores": [
            0.8,
            0.8545454545454545,
            0.7636363636363637,
            1.0545454545454545,
            0.8545454545454545,
            0.8909090909090909,
            0.7454545454545454,
            0.6
          ]
        },
        "7": {
          "mean_major_equiv_per_unit": 0.7431818181818182,
          "eval_run_sd": 0.06405244309432569,
          "eval_noise_se": 0.02264595843178157,
          "ci_95_half_width": 0.044386078526291874,
          "n_eval_runs": 8,
          "eval_scores": [
            0.6545454545454545,
            0.6545454545454545,
            0.7454545454545454,
            0.8181818181818181,
            0.7818181818181819,
            0.8,
            0.7090909090909091,
            0.7818181818181819
          ]
        },
        "8": {
          "mean_major_equiv_per_unit": 0.7886363636363637,
          "eval_run_sd": 0.13323244904361026,
          "eval_noise_se": 0.04710478409641398,
          "ci_95_half_width": 0.09232537682897139,
          "n_eval_runs": 8,
          "eval_scores": [
            0.8545454545454545,
            0.9818181818181818,
            0.8,
            0.6727272727272727,
            0.9090909090909092,
            0.5636363636363637,
            0.8,
            0.7272727272727273
          ]
        },
        "9": {
          "mean_major_equiv_per_unit": 0.6272727272727272,
          "eval_run_sd": 0.0455842305838552,
          "eval_noise_se": 0.01611645928050761,
          "ci_95_half_width": 0.031588260189794916,
          "n_eval_runs": 8,
          "eval_scores": [
            0.5454545454545454,
            0.6545454545454545,
            0.6181818181818182,
            0.5818181818181818,
            0.6909090909090909,
            0.6363636363636364,
            0.6363636363636364,
            0.6545454545454545
          ]
        },
        "10": {
          "mean_major_equiv_per_unit": 0.8318181818181818,
          "eval_run_sd": 0.14406806734434702,
          "eval_noise_se": 0.05093575368581399,
          "ci_95_half_width": 0.09983407722419542,
          "n_eval_runs": 8,
          "eval_scores": [
            1.1454545454545455,
            0.7454545454545454,
            0.8727272727272727,
            0.8909090909090909,
            0.6909090909090909,
            0.7818181818181819,
            0.8,
            0.7272727272727273
          ]
        },
        "11": {
          "mean_major_equiv_per_unit": 0.6590909090909091,
          "eval_run_sd": 0.1526623238522424,
          "eval_noise_se": 0.053974282213808705,
          "ci_95_half_width": 0.10578959313906507,
          "n_eval_runs": 8,
          "eval_scores": [
            0.8727272727272727,
            0.8363636363636363,
            0.509090909090909,
            0.5272727272727272,
            0.7636363636363637,
            0.6909090909090909,
            0.4909090909090909,
            0.5818181818181818
          ]
        },
        "12": {
          "mean_major_equiv_per_unit": 0.675,
          "eval_run_sd": 0.12687786613974372,
          "eval_noise_se": 0.04485809976494591,
          "ci_95_half_width": 0.08792187553929398,
          "n_eval_runs": 8,
          "eval_scores": [
            0.6727272727272727,
            0.8,
            0.8363636363636363,
            0.4727272727272728,
            0.7090909090909091,
            0.7636363636363637,
            0.5636363636363637,
            0.5818181818181818
          ]
        },
        "13": {
          "mean_major_equiv_per_unit": 0.6681818181818182,
          "eval_run_sd": 0.07512288241028349,