{
  "backend": {
    "dataset_name": "ivan-vas",
    "evaluation_model": "gpt-5.4-mini",
    "evaluated_translation_model": "gpt-5.2"
  },
  "requested_eval_runs_per_translation": 4,
  "num_methods": 5,
  "total_successful_eval_runs": 112,
  "per_method": {
    "characters": {
      "num_translations": 1,
      "eval_runs_per_translation": 16,
      "observed_eval_runs_per_translation": [
        16
      ],
      "mean_major_equiv_per_unit": 0.7022727272727273,
      "translation_sd": 0.0,
      "se_method": 0.0,
      "ci_95_half_width": 0.0,
      "ci_95_lower": 0.7022727272727273,
      "ci_95_upper": 0.7022727272727273,
      "pooled_eval_run_sd": 0.06990745555087667,
      "avg_eval_noise": 0.017476863887719168,
      "translation_means": [
        0.7022727272727273
      ],
      "per_translation": {
        "18": {
          "mean_major_equiv_per_unit": 0.7022727272727273,
          "eval_run_sd": 0.06990745555087667,
          "eval_noise_se": 0.017476863887719168,
          "ci_95_half_width": 0.03425465321992957,
          "n_eval_runs": 16,
          "eval_scores": [
            0.7090909090909091,
            0.7090909090909091,
            0.6,
            0.8545454545454545,
            0.6909090909090909,
            0.7090909090909091,
            0.6363636363636364,
            0.8,
            0.6545454545454545,
            0.7090909090909091,
            0.8,
            0.6545454545454545,
            0.6909090909090909,
            0.7272727272727273,
            0.6,
            0.6909090909090909
          ]
        }
      }
    },
    "list": {
      "num_translations": 2,
      "eval_runs_per_translation": 12,
      "observed_eval_runs_per_translation": [
        12
      ],
      "mean_major_equiv_per_unit": 0.6772727272727272,
      "translation_sd": 0.062139686831545096,
      "se_method": 0.043939393939393945,
      "ci_95_half_width": 0.08612121212121213,
      "ci_95_lower": 0.5911515151515151,
      "ci_95_upper": 0.7633939393939394,
      "pooled_eval_run_sd": 0.13009465047281105,
      "avg_eval_noise": 0.037555090735303866,
      "translation_means": [
        0.6333333333333333,
        0.7212121212121212
      ],
      "per_translation": {
        "19": {
          "mean_major_equiv_per_unit": 0.6333333333333333,
          "eval_run_sd": 0.09552994529614522,
          "eval_noise_se": 0.027577119816199838,
          "ci_95_half_width": 0.05405115483975168,
          "n_eval_runs": 12,
          "eval_scores": [
            0.7090909090909091,
            0.4909090909090909,
            0.6909090909090909,
            0.7454545454545454,
            0.509090909090909,
            0.6,
            0.6727272727272727,
            0.8,
            0.6181818181818182,
            0.6,
            0.5272727272727272,
            0.6363636363636364
          ]
        },
        "20": {
          "mean_major_equiv_per_unit": 0.7212121212121212,
          "eval_run_sd": 0.15723633713299626,
          "eval_noise_se": 0.04539022078506307,
          "ci_95_half_width": 0.08896483273872362,
          "n_eval_runs": 12,
          "eval_scores": [
            0.6181818181818182,
            0.8,
            0.6545454545454545,
            0.6909090909090909,
            0.9818181818181818,
            0.7272727272727273,
            0.41818181818181815,
            0.6727272727272727,
            1.0,
            0.7636363636363637,
            0.6363636363636364,
            0.6909090909090909
          ]
        }
      }
    },
    "list-lang": {
      "num_translations": 2,
      "eval_runs_per_translation": 12,
      "observed_eval_runs_per_translation": [
        12
      ],
      "mean_major_equiv_per_unit": 0.7765151515151515,
      "translation_sd": 0.08892403460376277,
      "se_method": 0.06287878787878787,
      "ci_95_half_width": 0.12324242424242422,
      "ci_95_lower": 0.6532727272727272,
      "ci_95_upper": 0.8997575757575758,
      "pooled_eval_run_sd": 0.10839424013648438,
      "avg_eval_noise": 0.0312907218607021,
      "translation_means": [
        0.8393939393939394,
        0.7136363636363636
      ],
      "per_translation": {
        "18": {
          "mean_major_equiv_per_unit": 0.8393939393939394,
          "eval_run_sd": 0.12922547597657516,
          "eval_noise_se": 0.037304181670616596,
          "ci_95_half_width": 0.07311619607440853,
          "n_eval_runs": 12,
          "eval_scores": [
            0.8727272727272727,
            0.7454545454545454,
            0.9636363636363636,
            0.6181818181818182,
            0.9090909090909092,
            0.8363636363636363,
            0.6727272727272727,
            0.8727272727272727,
            0.9454545454545455,
            0.8727272727272727,
            1.0545454545454545,
            0.7090909090909091
          ]
        },
        "19": {
          "mean_major_equiv_per_unit": 0.7136363636363636,
          "eval_run_sd": 0.08245846801972058,
          "eval_noise_se": 0.023803709354074915,
          "ci_95_half_width": 0.04665527033398683,
          "n_eval_runs": 12,
          "eval_scores": [
            0.7090909090909091,
            0.7636363636363637,
            0.5818181818181818,
            0.5818181818181818,
            0.7090909090909091,
            0.8,
            0.6727272727272727,
            0.6545454545454545,
            0.7636363636363637,
            0.7090909090909091,
            0.7636363636363637,
            0.8545454545454545
          ]
        }
      }
    },
    "narratives": {
      "num_translations": 2,
      "eval_runs_per_translation": 12,
      "observed_eval_runs_per_translation": [
        12
      ],
      "mean_major_equiv_per_unit": 0.7371212121212121,
      "translation_sd": 0.0460690781682144,
      "se_method": 0.03257575757575753,
      "ci_95_half_width": 0.06384848484848475,
      "ci_95_lower": 0.6732727272727274,
      "ci_95_upper": 0.8009696969696968,
      "pooled_eval_run_sd": 0.0781949505275373,
      "avg_eval_noise": 0.022572937868171567,
      "translation_means": [
        0.7696969696969697,
        0.7045454545454546
      ],
      "per_translation": {
        "15": {
          "mean_major_equiv_per_unit": 0.7696969696969697,
          "eval_run_sd": 0.0716168674788845,
          "eval_noise_se": 0.020674008858725862,
          "ci_95_half_width": 0.040521057363102686,
          "n_eval_runs": 12,
          "eval_scores": [
            0.8,
            0.9090909090909092,
            0.7454545454545454,
            0.7090909090909091,
            0.8545454545454545,
            0.8363636363636363,
            0.7818181818181819,
            0.6727272727272727,
            0.7454545454545454,
            0.7818181818181819,
            0.6909090909090909,
            0.7090909090909091
          ]
        },
        "16": {
          "mean_major_equiv_per_unit": 0.7045454545454546,
          "eval_run_sd": 0.08426105190727153,
          "eval_noise_se": 0.024324070500432123,
          "ci_95_half_width": 0.04767517818084696,
          "n_eval_runs": 12,
          "eval_scores": [
            0.8727272727272727,
            0.6545454545454545,
            0.7090909090909091,
            0.7090909090909091,
            0.7454545454545454,
            0.5636363636363637,
            0.7272727272727273,
            0.7454545454545454,
            0.6545454545454545,
            0.7090909090909091,
            0.5818181818181818,
            0.7818181818181819
          ]
        }
      }
    },
    "zero": {
      "num_translations": 2,
      "eval_runs_per_translation": 12,
      "observed_eval_runs_per_translation": [
        12
      ],
      "mean_major_equiv_per_unit": 0.6287878787878788,
      "translation_sd": 0.008570991287109721,
      "se_method": 0.006060606060606099,
      "ci_95_half_width": 0.011878787878787954,
      "ci_95_lower": 0.6169090909090909,
      "ci_95_upper": 0.6406666666666667,
      "pooled_eval_run_sd": 0.1279302182688126,