{
  "backend": {
    "dataset_name": "ivan-vas",
    "evaluation_model": "gpt-5.4-mini",
    "evaluated_translation_model": "gpt-5.2"
  },
  "requested_eval_runs_per_translation": 4,
  "num_methods": 2,
  "total_successful_eval_runs": 76,
  "per_method": {
    "list-lang": {
      "num_translations": 1,
      "eval_runs_per_translation": 12,
      "observed_eval_runs_per_translation": [
        12
      ],
      "mean_major_equiv_per_unit": 0.5545454545454546,
      "translation_sd": 0.0,
      "se_method": 0.0,
      "ci_95_half_width": 0.0,
      "ci_95_lower": 0.5545454545454546,
      "ci_95_upper": 0.5545454545454546,
      "pooled_eval_run_sd": 0.1346169120049411,
      "avg_eval_noise": 0.038860555191764456,
      "translation_means": [
        0.5545454545454546
      ],
      "per_translation": {
        "20": {
          "mean_major_equiv_per_unit": 0.5545454545454546,
          "eval_run_sd": 0.1346169120049411,
          "eval_noise_se": 0.038860555191764456,
          "ci_95_half_width": 0.07616668817585834,
          "n_eval_runs": 12,
          "eval_scores": [
            0.6727272727272727,
            0.8,
            0.38181818181818183,
            0.6181818181818182,
            0.6545454545454545,
            0.36363636363636365,
            0.6,
            0.4727272727272728,
            0.4545454545454546,
            0.41818181818181815,
            0.6363636363636364,
            0.5818181818181818
          ]
        }
      }
    },
    "noise": {
      "num_translations": 14,
      "eval_runs_per_translation": null,
      "observed_eval_runs_per_translation": [
        4,
        12
      ],
      "mean_major_equiv_per_unit": 0.6977272727272728,
      "translation_sd": 0.07611744363602477,
      "se_method": 0.020343242517362945,
      "ci_95_half_width": 0.039872755334031375,
      "ci_95_lower": 0.6578545173932414,
      "ci_95_upper": 0.7376000280613041,
      "pooled_eval_run_sd": 0.09904502690883527,
      "avg_eval_noise": 0.04543450237875669,
      "translation_means": [
        0.6954545454545454,
        0.759090909090909,
        0.6590909090909092,
        0.759090909090909,
        0.7636363636363637,
        0.7090909090909091,
        0.6772727272727272,
        0.7863636363636364,
        0.7681818181818182,
        0.6090909090909091,
        0.7772727272727272,
        0.5909090909090909,
        0.5499999999999999,
        0.6636363636363637
      ],
      "per_translation": {
        "1": {
          "mean_major_equiv_per_unit": 0.6954545454545454,
          "eval_run_sd": 0.10325287901455046,
          "eval_noise_se": 0.05162643950727523,
          "ci_95_half_width": 0.10118782143425946,
          "n_eval_runs": 4,
          "eval_scores": [
            0.6363636363636364,
            0.8,
            0.7636363636363637,
            0.5818181818181818
          ]
        },
        "2": {
          "mean_major_equiv_per_unit": 0.759090909090909,
          "eval_run_sd": 0.08181818181818179,
          "eval_noise_se": 0.040909090909090895,
          "ci_95_half_width": 0.08018181818181815,
          "n_eval_runs": 4,
          "eval_scores": [
            0.7636363636363637,
            0.8727272727272727,
            0.6909090909090909,
            0.7090909090909091
          ]
        },
        "3": {
          "mean_major_equiv_per_unit": 0.6590909090909092,
          "eval_run_sd": 0.13226153238057695,
          "eval_noise_se": 0.06613076619028847,
          "ci_95_half_width": 0.1296163017329654,
          "n_eval_runs": 4,
          "eval_scores": [
            0.7818181818181819,
            0.7636363636363637,
            0.5272727272727272,
            0.5636363636363637
          ]
        },
        "4": {
          "mean_major_equiv_per_unit": 0.759090909090909,
          "eval_run_sd": 0.09315409787235995,
          "eval_noise_se": 0.04657704893617998,
          "ci_95_half_width": 0.09129101591491275,
          "n_eval_runs": 4,
          "eval_scores": [
            0.6545454545454545,
            0.8545454545454545,
            0.7090909090909091,
            0.8181818181818181
          ]
        },
        "5": {
          "mean_major_equiv_per_unit": 0.7636363636363637,
          "eval_run_sd": 0.08528028654224418,
          "eval_noise_se": 0.04264014327112209,
          "ci_95_half_width": 0.0835746808113993,
          "n_eval_runs": 4,
          "eval_scores": [
            0.8181818181818181,
            0.8,
            0.8,
            0.6363636363636364
          ]
        },
        "6": {
          "mean_major_equiv_per_unit": 0.7090909090909091,
          "eval_run_sd": 0.06120912083855807,
          "eval_noise_se": 0.030604560419279035,
          "ci_95_half_width": 0.059984938421786906,
          "n_eval_runs": 4,
          "eval_scores": [
            0.6727272727272727,
            0.6909090909090909,
            0.6727272727272727,
            0.8
          ]
        },
        "7": {
          "mean_major_equiv_per_unit": 0.6772727272727272,
          "eval_run_sd": 0.06863485850246134,
          "eval_noise_se": 0.03431742925123067,
          "ci_95_half_width": 0.06726216133241211,
          "n_eval_runs": 4,
          "eval_scores": [
            0.6909090909090909,
            0.7454545454545454,
            0.5818181818181818,
            0.6909090909090909
          ]
        },
        "8": {
          "mean_major_equiv_per_unit": 0.7863636363636364,
          "eval_run_sd": 0.0702220013712513,
          "eval_noise_se": 0.03511100068562565,
          "ci_95_half_width": 0.06881756134382627,
          "n_eval_runs": 4,
          "eval_scores": [
            0.7090909090909091,
            0.8545454545454545,
            0.7454545454545454,
            0.8363636363636363
          ]
        },
        "9": {
          "mean_major_equiv_per_unit": 0.7681818181818182,
          "eval_run_sd": 0.13955853260205403,
          "eval_noise_se": 0.06977926630102702,
          "ci_95_half_width": 0.13676736195001296,
          "n_eval_runs": 4,
          "eval_scores": [
            0.9454545454545455,
            0.7090909090909091,
            0.6181818181818182,
            0.8
          ]
        },
        "10": {
          "mean_major_equiv_per_unit": 0.6090909090909091,
          "eval_run_sd": 0.08198635914223447,
          "eval_noise_se": 0.040993179571117234,
          "ci_95_half_width": 0.08034663195938978,
          "n_eval_runs": 4,
          "eval_scores": [
            0.6,
            0.7090909090909091,
            0.509090909090909,
            0.6181818181818182
          ]
        },
        "11": {
          "mean_major_equiv_per_unit": 0.7772727272727272,
          "eval_run_sd": 0.12629494535863459,
          "eval_noise_se": 0.06314747267931729,
          "ci_95_half_width": 0.12376904645146189,
          "n_eval_runs": 4,
          "eval_scores": [
            0.7090909090909091,
            0.6909090909090909,
            0.7454545454545454,
            0.9636363636363636
          ]
        },
        "12": {
          "mean_major_equiv_per_unit": 0.5909090909090909,
          "eval_run_sd": 0.07041787902195304,
          "eval_noise_se": 0.03520893951097652,
          "ci_95_half_width": 0.06900952144151398,
          "n_eval_runs": 4,
          "eval_scores": [
            0.6181818181818182,
            0.509090909090909,
            0.6727272727272727,
            0.5636363636363637
          ]
        },
        "13": {
          "mean_major_equiv_per_unit": 0.5499999999999999,
          "eval_run_sd": 0.09549061367629534,
          "eval_noise_se": 0.04774530683814767,
          "ci_95_half_width": 0.09358080140276943,
          "n_eval_runs": 4,
          "eval_scores": [
            0.6,
            0.5454545454545454,
            0.41818181818181815,
            0.6363636363636364
          ]
        },
        "14": {
          "mean_major_equiv_per_unit": 0.6636363636363637,
          "eval_run_sd": 0.10840001607979899,