{
  "backend": {
    "dataset_name": "ivan-vas",
    "evaluation_model": "gpt-5.4-mini",
    "evaluated_translation_model": "gpt-5.2"
  },
  "requested_eval_runs_per_translation": 4,
  "num_methods": 8,
  "total_successful_eval_runs": 184,
  "per_method": {
    "characters": {
      "num_translations": 2,
      "eval_runs_per_translation": 16,
      "observed_eval_runs_per_translation": [
        16
      ],
      "mean_major_equiv_per_unit": 0.6403409090909091,
      "translation_sd": 0.037765930358827006,
      "se_method": 0.026704545454545477,
      "ci_95_half_width": 0.05234090909090913,
      "ci_95_lower": 0.588,
      "ci_95_upper": 0.6926818181818183,
      "pooled_eval_run_sd": 0.1106174755421439,
      "avg_eval_noise": 0.027654368885535976,
      "translation_means": [
        0.6670454545454546,
        0.6136363636363636
      ],
      "per_translation": {
        "12": {
          "mean_major_equiv_per_unit": 0.6670454545454546,
          "eval_run_sd": 0.12218736459272582,
          "eval_noise_se": 0.030546841148181455,
          "ci_95_half_width": 0.05987180865043565,
          "n_eval_runs": 16,
          "eval_scores": [
            0.6909090909090909,
            0.6909090909090909,
            0.6181818181818182,
            0.5818181818181818,
            0.41818181818181815,
            0.7818181818181819,
            0.7636363636363637,
            0.5818181818181818,
            0.6909090909090909,
            0.6909090909090909,
            0.4909090909090909,
            0.6909090909090909,
            0.5636363636363637,
            0.8,
            0.7090909090909091,
            0.9090909090909092
          ]
        },
        "13": {
          "mean_major_equiv_per_unit": 0.6136363636363636,
          "eval_run_sd": 0.09768674282889109,
          "eval_noise_se": 0.024421685707222772,
          "ci_95_half_width": 0.04786650398615663,
          "n_eval_runs": 16,
          "eval_scores": [
            0.6181818181818182,
            0.6,
            0.4727272727272728,
            0.509090909090909,
            0.7272727272727273,
            0.7636363636363637,
            0.5636363636363637,
            0.5818181818181818,
            0.6181818181818182,
            0.5272727272727272,
            0.4727272727272728,
            0.6181818181818182,
            0.7454545454545454,
            0.5636363636363637,
            0.6727272727272727,
            0.7636363636363637
          ]
        }
      }
    },
    "characters-lang": {
      "num_translations": 2,
      "eval_runs_per_translation": 12,
      "observed_eval_runs_per_translation": [
        12
      ],
      "mean_major_equiv_per_unit": 0.6856060606060606,
      "translation_sd": 0.01821335648510804,
      "se_method": 0.012878787878787877,
      "ci_95_half_width": 0.025242424242424236,
      "ci_95_lower": 0.6603636363636363,
      "ci_95_upper": 0.7108484848484848,
      "pooled_eval_run_sd": 0.14279156664570208,
      "avg_eval_noise": 0.041220374720452244,
      "translation_means": [
        0.6727272727272727,
        0.6984848484848485
      ],
      "per_translation": {
        "17": {
          "mean_major_equiv_per_unit": 0.6727272727272727,
          "eval_run_sd": 0.15698129018953738,
          "eval_noise_se": 0.04531659507433208,
          "ci_95_half_width": 0.08882052634569088,
          "n_eval_runs": 12,
          "eval_scores": [
            0.7272727272727273,
            0.4727272727272728,
            0.509090909090909,
            0.5818181818181818,
            0.5818181818181818,
            0.8181818181818181,
            0.7818181818181819,
            0.7818181818181819,
            1.018181818181818,
            0.6363636363636364,
            0.5454545454545454,
            0.6181818181818182
          ]
        },
        "18": {
          "mean_major_equiv_per_unit": 0.6984848484848485,
          "eval_run_sd": 0.1270265229812114,
          "eval_noise_se": 0.036669398618712296,
          "ci_95_half_width": 0.0718720212926761,
          "n_eval_runs": 12,
          "eval_scores": [
            0.9090909090909092,
            0.7636363636363637,
            0.7818181818181819,
            0.6363636363636364,
            0.7272727272727273,
            0.43636363636363634,
            0.7636363636363637,
            0.5454545454545454,
            0.6909090909090909,
            0.8,
            0.7272727272727273,
            0.6
          ]
        }
      }
    },
    "list": {
      "num_translations": 3,
      "eval_runs_per_translation": 12,
      "observed_eval_runs_per_translation": [
        12
      ],
      "mean_major_equiv_per_unit": 0.6984848484848485,
      "translation_sd": 0.020994555243259157,
      "se_method": 0.012121212121212144,
      "ci_95_half_width": 0.0237575757575758,
      "ci_95_lower": 0.6747272727272727,
      "ci_95_upper": 0.7222424242424242,
      "pooled_eval_run_sd": 0.11229232717242149,
      "avg_eval_noise": 0.03241600266046354,
      "translation_means": [
        0.7106060606060607,
        0.6742424242424242,
        0.7106060606060606
      ],
      "per_translation": {
        "10": {
          "mean_major_equiv_per_unit": 0.7106060606060607,
          "eval_run_sd": 0.11326937987262613,
          "eval_noise_se": 0.03269805348020134,
          "ci_95_half_width": 0.06408818482119463,
          "n_eval_runs": 12,
          "eval_scores": [
            0.5818181818181818,
            0.6727272727272727,
            0.6363636363636364,
            0.7272727272727273,
            0.5636363636363637,
            0.6545454545454545,
            0.6545454545454545,
            0.7636363636363637,
            0.7090909090909091,
            0.9090909090909092,
            0.9272727272727274,
            0.7272727272727273
          ]
        },
        "11": {
          "mean_major_equiv_per_unit": 0.6742424242424242,
          "eval_run_sd": 0.11085578812168603,
          "eval_noise_se": 0.03200130955664178,
          "ci_95_half_width": 0.06272256673101789,
          "n_eval_runs": 12,
          "eval_scores": [
            0.6363636363636364,
            0.7636363636363637,
            0.6,
            0.509090909090909,
            0.8,
            0.7818181818181819,
            0.5818181818181818,
            0.7090909090909091,
            0.8545454545454545,
            0.5272727272727272,
            0.6909090909090909,
            0.6363636363636364
          ]
        },
        "12": {
          "mean_major_equiv_per_unit": 0.7106060606060606,
          "eval_run_sd": 0.11273749176110413,
          "eval_noise_se": 0.03254451060801834,
          "ci_95_half_width": 0.06378724079171595,
          "n_eval_runs": 12,
          "eval_scores": [
            0.5272727272727272,
            0.6181818181818182,
            0.8909090909090909,
            0.7636363636363637,
            0.7272727272727273,
            0.6545454545454545,
            0.7272727272727273,
            0.7454545454545454,
            0.8545454545454545,
            0.8181818181818181,
            0.5818181818181818,
            0.6181818181818182
          ]
        }
      }
    },
    "list-analysis-lang": {
      "num_translations": 1,
      "eval_runs_per_translation": 12,
      "observed_eval_runs_per_translation": [
        12
      ],
      "mean_major_equiv_per_unit": 0.4818181818181818,
      "translation_sd": 0.0,
      "se_method": 0.0,
      "ci_95_half_width": 0.0,
      "ci_95_lower": 0.4818181818181818,
      "ci_95_upper": 0.4818181818181818,
      "pooled_eval_run_sd": 0.11642044068059725,
      "avg_eval_noise": 0.03360768638305884,
      "translation_means": [
        0.4818181818181818
      ],
      "per_translation": {
        "12": {
          "mean_major_equiv_per_unit": 0.4818181818181818,
          "eval_run_sd": 0.11642044068059725,
          "eval_noise_se": 0.03360768638305884,
          "ci_95_half_width": 0.06587106531079533,
          "n_eval_runs": 12,