{
  "methods": [
    {
      "method": "list-lang",
      "num_translations": 1,
      "eval_runs_per_translation": 12,
      "mean_major_equiv_per_unit": 0.5545454545454546,
      "ci_95_half_width": 0.0,
      "translation_sd": 0.0,
      "pooled_eval_run_sd": 0.1346169120049411,
      "avg_eval_noise": 0.038860555191764456
    },
    {
      "method": "noise",
      "num_translations": 14,
      "eval_runs_per_translation": null,
      "mean_major_equiv_per_unit": 0.6977272727272728,
      "ci_95_half_width": 0.039872755334031375,
      "translation_sd": 0.07611744363602477,
      "pooled_eval_run_sd": 0.09904502690883527,
      "avg_eval_noise": 0.04543450237875669
    }
  ]
}