{
  "methods": [
    {
      "method": "list-lang",
      "num_translations": 21,
      "eval_runs_per_translation": 8,
      "mean_major_equiv_per_unit": 0.716991341991342,
      "ci_95_half_width": 0.03966751741106811,
      "translation_sd": 0.09274459243224405,
      "pooled_eval_run_sd": 0.12110810317309756,
      "avg_eval_noise": 0.042818180505168654
    }
  ]
}