{
  "num_translations": 3,
  "eval_runs_per_translation": 15,
  "per_translation_mean_penalty": [
    2.9454545454545453,
    2.242424242424242,
    2.8484848484848486
  ],
  "per_translation_mean_major_equiv": [
    0.5890909090909091,
    0.44848484848484843,
    0.5696969696969697
  ],
  "penalty_per_unit": {
    "mean": 2.6787878787878787,
    "median": 2.8484848484848486,
    "std": 0.3809996035273143,
    "ci_95": 0.4311416383689658
  },
  "major_errors_per_unit": {
    "mean": 0.5357575757575758,
    "median": 0.5696969696969697,
    "std": 0.07619992070546287,
    "ci_95": 0.08622832767379317
  },
  "usage": {
    "total_input_tokens": 2724945,
    "total_output_tokens": 85045,
    "total_cost_usd": 5.959284
  },
  "interpretation": "Average MQM penalty per meaning unit: 2.68 (STD: 0.38, 95% CI: ±0.43). Major-equivalent errors per unit: 0.54 (STD: 0.08, 95% CI: ±0.09). (Weights: minor=1, major=5, critical=10)"
}