{
  "num_translations": 4,
  "eval_runs_per_translation": 10,
  "major_equiv_per_unit": {
    "mean": 0.5559090909090909,
    "ci_95_lower": 0.520202266627513,
    "ci_95_upper": 0.5916159151906688,
    "ci_95_half_width": 0.03570682428157794,
    "between_translation_sd": 0.03643553498120198,
    "se_method": 0.01821776749060099
  },
  "evaluation_noise_diagnostic": {
    "run_level_sd": 0.0859621387506163
  },
  "usage": {
    "total_input_tokens": 2647830,
    "total_output_tokens": 82705,
    "total_cost_usd": 5.791573
  }
}