{
  "dataset_name": "diamond-arm",
  "trans_model": "gpt-5.4-mini",
  "evaluator_type": "human",
  "evaluators": [
    "test4-5d9b"
  ],
  "num_evaluators": 1,
  "total_judgments": 242,
  "auto_filled_judgments": 44,
  "repeat_judgments": 10,
  "usable_judgments": 188,
  "num_methods": 5,
  "overall_across_methods": {
    "mean_major_equiv_per_unit": 0.2577411264346249,
    "ci_95_lower": 0.19325725229163468,
    "ci_95_upper": 0.32222500057761505,
    "ci_95_half_width": 0.0644838741429902,
    "method_sd": 0.07356649287564647,
    "se_method_across_methods": 0.032899935787239896
  },
  "per_method": {
    "examples": {
      "num_translations": 2,
      "mean_major_equiv_per_unit": 0.30522875816993467,
      "translation_sd": 0.11738896890286477,
      "se_method": 0.08300653594771243,
      "ci_95_half_width": 0.16269281045751635,
      "ci_95_lower": 0.14253594771241831,
      "ci_95_upper": 0.46792156862745105,
      "translation_means": [
        0.38823529411764707,
        0.2222222222222222
      ],
      "per_translation": {
        "2": {
          "mean_major_equiv_per_unit": 0.38823529411764707,
          "eval_run_sd": 0.6872793763648598,
          "eval_noise_se": 0.1666897331212324,
          "ci_95_half_width": 0.3267118769176155,
          "n_eval_runs": 17,
          "eval_scores": [
            0.2,
            0.0,
            0.0,
            1.0,
            0.0,
            0.0,
            0.2,
            1.0,
            2.0,
            0.0,
            2.0,
            0.0,
            0.0,
            0.2,
            0.0,
            0.0,
            0.0
          ]
        },
        "3": {
          "mean_major_equiv_per_unit": 0.2222222222222222,
          "eval_run_sd": 0.5264258570839163,
          "eval_noise_se": 0.12407976444532587,
          "ci_95_half_width": 0.2431963383128387,
          "n_eval_runs": 18,
          "eval_scores": [
            0.0,
            0.2,
            0.0,
            1.2,
            0.0,
            0.0,
            0.0,
            0.2,
            0.0,
            0.0,
            0.0,
            0.0,
            0.0,
            2.0,
            0.2,
            0.0,
            0.0,
            0.2
          ]
        }
      }
    },
    "given": {
      "num_translations": 2,
      "mean_major_equiv_per_unit": 0.14956709956709957,
      "translation_sd": 0.044385490593960776,
      "se_method": 0.031385281385281384,
      "ci_95_half_width": 0.06151515151515151,
      "ci_95_lower": 0.08805194805194806,
      "ci_95_upper": 0.2110822510822511,
      "translation_means": [
        0.18095238095238095,
        0.11818181818181818
      ],
      "per_translation": {
        "2": {
          "mean_major_equiv_per_unit": 0.18095238095238095,
          "eval_run_sd": 0.4728837569837302,
          "eval_noise_se": 0.10319169577585934,
          "ci_95_half_width": 0.2022557237206843,
          "n_eval_runs": 21,
          "eval_scores": [
            0.0,
            0.0,
            0.2,
            0.0,
            0.0,
            0.0,
            0.2,
            0.0,
            0.0,
            0.0,
            0.0,
            2.0,
            0.0,
            0.0,
            0.2,
            0.0,
            0.0,
            0.2,
            0.0,
            1.0,
            0.0
          ]
        },
        "7": {
          "mean_major_equiv_per_unit": 0.11818181818181818,
          "eval_run_sd": 0.42609675140564207,
          "eval_noise_se": 0.09084413263648135,
          "ci_95_half_width": 0.17805449996750344,
          "n_eval_runs": 22,
          "eval_scores": [
            0.0,
            0.2,
            0.0,
            0.0,
            0.0,
            0.0,
            0.0,
            0.0,
            0.2,
            0.0,
            0.0,
            0.0,
            0.0,
            0.0,
            2.0,
            0.0,
            0.0,
            0.0,
            0.0,
            0.0,
            0.0,
            0.2
          ]
        }
      }
    },
    "list-analysis": {
      "num_translations": 2,
      "mean_major_equiv_per_unit": 0.3429824561403509,
      "translation_sd": 0.12777543589862175,
      "se_method": 0.09035087719298246,
      "ci_95_half_width": 0.17708771929824563,
      "ci_95_lower": 0.16589473684210526,
      "ci_95_upper": 0.5200701754385966,
      "translation_means": [
        0.25263157894736843,
        0.43333333333333335
      ],
      "per_translation": {
        "1": {
          "mean_major_equiv_per_unit": 0.25263157894736843,
          "eval_run_sd": 0.6212607441973955,
          "eval_noise_se": 0.14252698955501683,
          "ci_95_half_width": 0.279352899527833,
          "n_eval_runs": 19,
          "eval_scores": [
            0.2,
            0.2,
            0.2,
            0.0,
            0.0,
            0.0,
            0.0,
            0.0,
            0.0,
            2.0,
            0.0,
            0.0,
            0.0,
            0.0,
            0.0,
            0.0,
            2.0,
            0.2,
            0.0
          ]
        },
        "5": {
          "mean_major_equiv_per_unit": 0.43333333333333335,
          "eval_run_sd": 0.7104265495833761,
          "eval_noise_se": 0.16744914358178878,
          "ci_95_half_width": 0.328200321420306,
          "n_eval_runs": 18,
          "eval_scores": [
            0.0,
            0.0,
            0.0,
            1.2,
            2.0,
            0.0,
            0.0,
            0.0,
            0.2,
            0.0,
            1.0,
            0.0,
            0.0,
            0.2,
            0.0,
            1.2,
            0.0,
            2.0
          ]
        }
      }
    },
    "noise": {
      "num_translations": 2,
      "mean_major_equiv_per_unit": 0.2533333333333333,
      "translation_sd": 0.07542472332656504,
      "se_method": 0.05333333333333331,
      "ci_95_half_width": 0.10453333333333328,
      "ci_95_lower": 0.14880000000000002,
      "ci_95_upper": 0.35786666666666656,
      "translation_means": [
        0.30666666666666664,
        0.2
      ],
      "per_translation": {
        "1": {
          "mean_major_equiv_per_unit": 0.30666666666666664,
          "eval_run_sd": 0.5799835794063073,
          "eval_noise_se": 0.149751116274293,
          "ci_95_half_width": 0.29351218789761424,
          "n_eval_runs": 15,
          "eval_scores": [
            0.2,
            1.0,
            0.0,
            0.0,
            0.0,
            0.0,
            0.2,
            0.0,
            0.0,
            0.0,
            1.0,
            2.0,
            0.0,
            0.0,
            0.2
          ]
        },
        "2": {
          "mean_major_equiv_per_unit": 0.2,
          "eval_run_sd": 0.5087470190691683,
          "eval_noise_se": 0.11991282236408358,
          "ci_95_half_width": 0.23502913183360383,
          "n_eval_runs": 18,
          "eval_scores": [
            0.0,
            0.0,
            0.0,
            0.0,
            0.0,
            0.2,
            0.0,
            2.0,
            0.0,
            0.2,
            0.0,
            0.0,
            0.0,
            0.0,
            1.0,
            0.2,
            0.0,
            0.0
          ]
        }
      }
    },
    "zero": {
      "num_translations": 2,
      "mean_major_equiv_per_unit": 0.23759398496240602,
      "translation_sd": 0.0680523819487805,
      "se_method": 0.04812030075187968,
      "ci_95_half_width": 0.09431578947368417,
      "ci_95_lower": 0.14327819548872184,
      "ci_95_upper": 0.3319097744360902,
      "translation_means": [
        0.18947368421052632,
        0.2857142857142857
      ],
      "per_translation": {
        "1": {
          "mean_major_equiv_per_unit": 0.18947368421052632,
          "eval_run_sd": 0.4965377202210716,
          "eval_noise_se": 0.11391356547893282,
          "ci_95_half_width": 0.22327058833870833,
          "n_eval_runs": 19,