{
  "dataset_name": "carnival-night",
  "trans_model": "gpt-5.2",
  "evaluator_type": "human",
  "evaluators": [
    "oz-6dd2"
  ],
  "num_evaluators": 1,
  "total_judgments": 118,
  "auto_filled_judgments": 0,
  "repeat_judgments": 6,
  "usable_judgments": 112,
  "num_methods": 7,
  "overall_across_methods": {
    "mean_major_equiv_per_unit": 0.18571428571428572,
    "ci_95_lower": 0.1732576944202492,
    "ci_95_upper": 0.19817087700832225,
    "ci_95_half_width": 0.01245659129403654,
    "method_sd": 0.016814817728363747,
    "se_method_across_methods": 0.006355403721447214
  },
  "per_method": {
    "characters": {
      "num_translations": 2,
      "mean_major_equiv_per_unit": 0.2,
      "translation_sd": 0.0,
      "se_method": 0.0,
      "ci_95_half_width": 0.0,
      "ci_95_lower": 0.2,
      "ci_95_upper": 0.2,
      "translation_means": [
        0.2,
        0.2
      ],
      "per_translation": {
        "4": {
          "mean_major_equiv_per_unit": 0.2,
          "eval_run_sd": 0.3380617018914066,
          "eval_noise_se": 0.11952286093343935,
          "ci_95_half_width": 0.23426480742954112,
          "n_eval_runs": 8,
          "eval_scores": [
            0.2,
            0.0,
            0.0,
            0.0,
            0.2,
            0.2,
            0.0,
            1.0
          ]
        },
        "6": {
          "mean_major_equiv_per_unit": 0.2,
          "eval_run_sd": 0.3380617018914066,
          "eval_noise_se": 0.11952286093343935,
          "ci_95_half_width": 0.23426480742954112,
          "n_eval_runs": 8,
          "eval_scores": [
            0.0,
            0.0,
            0.2,
            0.2,
            0.0,
            1.0,
            0.0,
            0.2
          ]
        }
      }
    },
    "given": {
      "num_translations": 2,
      "mean_major_equiv_per_unit": 0.16249999999999998,
      "translation_sd": 0.017677669529663684,
      "se_method": 0.012499999999999997,
      "ci_95_half_width": 0.024499999999999994,
      "ci_95_lower": 0.13799999999999998,
      "ci_95_upper": 0.18699999999999997,
      "translation_means": [
        0.175,
        0.15
      ],
      "per_translation": {
        "4": {
          "mean_major_equiv_per_unit": 0.175,
          "eval_run_sd": 0.3453776401067595,
          "eval_noise_se": 0.12210943569484826,
          "ci_95_half_width": 0.2393344939619026,
          "n_eval_runs": 8,
          "eval_scores": [
            0.2,
            0.2,
            0.0,
            0.0,
            0.0,
            0.0,
            1.0,
            0.0
          ]
        },
        "5": {
          "mean_major_equiv_per_unit": 0.15,
          "eval_run_sd": 0.35050983275386566,
          "eval_noise_se": 0.12392393980641052,
          "ci_95_half_width": 0.24289092202056461,
          "n_eval_runs": 8,
          "eval_scores": [
            0.2,
            0.0,
            0.0,
            0.0,
            0.0,
            0.0,
            1.0,
            0.0
          ]
        }
      }
    },
    "list": {
      "num_translations": 2,
      "mean_major_equiv_per_unit": 0.16249999999999998,
      "translation_sd": 0.017677669529663684,
      "se_method": 0.012499999999999997,
      "ci_95_half_width": 0.024499999999999994,
      "ci_95_lower": 0.13799999999999998,
      "ci_95_upper": 0.18699999999999997,
      "translation_means": [
        0.175,
        0.15
      ],
      "per_translation": {
        "8": {
          "mean_major_equiv_per_unit": 0.175,
          "eval_run_sd": 0.3453776401067595,
          "eval_noise_se": 0.12210943569484826,
          "ci_95_half_width": 0.2393344939619026,
          "n_eval_runs": 8,
          "eval_scores": [
            0.2,
            0.0,
            0.0,
            0.0,
            1.0,
            0.0,
            0.2,
            0.0
          ]
        },
        "10": {
          "mean_major_equiv_per_unit": 0.15,
          "eval_run_sd": 0.35050983275386566,
          "eval_noise_se": 0.12392393980641052,
          "ci_95_half_width": 0.24289092202056461,
          "n_eval_runs": 8,
          "eval_scores": [
            1.0,
            0.0,
            0.0,
            0.0,
            0.0,
            0.0,
            0.0,
            0.2
          ]
        }
      }
    },
    "list-analysis": {
      "num_translations": 2,
      "mean_major_equiv_per_unit": 0.1875,
      "translation_sd": 0.017677669529663705,
      "se_method": 0.012500000000000011,
      "ci_95_half_width": 0.024500000000000022,
      "ci_95_lower": 0.16299999999999998,
      "ci_95_upper": 0.21200000000000002,
      "translation_means": [
        0.2,
        0.175
      ],
      "per_translation": {
        "1": {
          "mean_major_equiv_per_unit": 0.2,
          "eval_run_sd": 0.3380617018914066,
          "eval_noise_se": 0.11952286093343935,
          "ci_95_half_width": 0.23426480742954112,
          "n_eval_runs": 8,
          "eval_scores": [
            0.0,
            0.0,
            0.2,
            1.0,
            0.2,
            0.2,
            0.0,
            0.0
          ]
        },
        "5": {
          "mean_major_equiv_per_unit": 0.175,
          "eval_run_sd": 0.3453776401067595,
          "eval_noise_se": 0.12210943569484826,
          "ci_95_half_width": 0.2393344939619026,
          "n_eval_runs": 8,
          "eval_scores": [
            0.0,
            0.0,
            0.2,
            0.0,
            0.0,
            0.0,
            1.0,
            0.2
          ]
        }
      }
    },
    "narratives": {
      "num_translations": 2,
      "mean_major_equiv_per_unit": 0.2,
      "translation_sd": 0.0,
      "se_method": 0.0,
      "ci_95_half_width": 0.0,
      "ci_95_lower": 0.2,
      "ci_95_upper": 0.2,
      "translation_means": [
        0.2,
        0.2
      ],
      "per_translation": {
        "5": {
          "mean_major_equiv_per_unit": 0.2,
          "eval_run_sd": 0.3380617018914066,
          "eval_noise_se": 0.11952286093343935,
          "ci_95_half_width": 0.23426480742954112,
          "n_eval_runs": 8,
          "eval_scores": [
            0.2,
            1.0,
            0.2,
            0.0,
            0.2,
            0.0,
            0.0,
            0.0
          ]
        },
        "7": {
          "mean_major_equiv_per_unit": 0.2,
          "eval_run_sd": 0.3380617018914066,
          "eval_noise_se": 0.11952286093343935,
          "ci_95_half_width": 0.23426480742954112,
          "n_eval_runs": 8,
          "eval_scores": [
            0.0,
            0.2,
            0.0,
            0.2,
            1.0,
            0.0,
            0.0,
            0.2
          ]
        }
      }
    },
    "noise": {
      "num_translations": 2,
      "mean_major_equiv_per_unit": 0.2,
      "translation_sd": 0.0,
      "se_method": 0.0,
      "ci_95_half_width": 0.0,
      "ci_95_lower": 0.2,
      "ci_95_upper": 0.2,
      "translation_means": [
        0.2,
        0.2
      ],
      "per_translation": {
        "10": {
          "mean_major_equiv_per_unit": 0.2,
          "eval_run_sd": 0.3380617018914066,
          "eval_noise_se": 0.11952286093343935,
          "ci_95_half_width": 0.23426480742954112,
          "n_eval_runs": 8,
          "eval_scores": [
            0.0,
            0.2,
            1.0,
            0.2,
            0.0,
            0.0,
            0.0,
            0.2
          ]
        },
        "14": {
          "mean_major_equiv_per_unit": 0.2,
          "eval_run_sd": 0.3380617018914066,
          "eval_noise_se": 0.11952286093343935,
          "ci_95_half_width": 0.23426480742954112,
          "n_eval_runs": 8,
          "eval_scores": [
            1.0,
            0.2,
            0.0,
            0.0,
            0.2,
            0.0,
            0.2,
            0.0
          ]
        }
      }
    },
    "zero": {
      "num_translations": 2,
      "mean_major_equiv_per_unit": 0.1875,
      "translation_sd": 0.017677669529663705,