{
  "num_translations": 5,
  "eval_runs_per_translation": 8,
  "backend": {
    "evaluation_model": "gpt-5-mini",
    "evaluated_translation_model": "gpt-5.2"
  },
  "major_equiv_per_unit": {
    "mean": 0.4240909090909091,
    "ci_95_lower": 0.37556702385882434,
    "ci_95_upper": 0.4726147943229938,
    "ci_95_half_width": 0.04852388523208471,
    "se_method": 0.024757084302084037,
    "translation_sd": 0.05535852342415285,
    "run_sd": 0.0919186369169614,
    "avg_eval_noise": 0.03249814574070376
  },
  "per_translation": {
    "translation-1.txt": {
      "mean_major_equiv_per_unit": 0.47954545454545455,
      "run_sd": 0.05661652526165537,
      "se_mean": 0.02001696446986799,
      "ci_95_half_width": 0.03923325036094126,
      "n_runs": 8,
      "run_scores": [
        0.4909090909090909,
        0.4727272727272728,
        0.5636363636363637,
        0.4,
        0.4909090909090909,
        0.41818181818181815,
        0.5454545454545454,
        0.4545454545454546
      ]
    },
    "translation-2.txt": {
      "mean_major_equiv_per_unit": 0.45227272727272727,
      "run_sd": 0.11226444577480427,
      "se_mean": 0.039691475446756774,
      "ci_95_half_width": 0.07779529187564328,
      "n_runs": 8,
      "run_scores": [
        0.5272727272727272,
        0.38181818181818183,
        0.4545454545454546,
        0.36363636363636365,
        0.34545454545454546,
        0.43636363636363634,
        0.41818181818181815,
        0.6909090909090909
      ]
    },
    "translation-3.txt": {
      "mean_major_equiv_per_unit": 0.4590909090909091,
      "run_sd": 0.06923430096239916,
      "se_mean": 0.02447802185061138,
      "ci_95_half_width": 0.0479769228271983,
      "n_runs": 8,
      "run_scores": [
        0.4,
        0.4727272727272728,
        0.5636363636363637,
        0.4,
        0.4,
        0.4909090909090909,
        0.5454545454545454,
        0.4
      ]
    },
    "translation-4.txt": {
      "mean_major_equiv_per_unit": 0.3568181818181818,
      "run_sd": 0.09009374626955591,
      "se_mean": 0.0318529494648516,
      "ci_95_half_width": 0.062431780951109135,
      "n_runs": 8,
      "run_scores": [
        0.32727272727272727,
        0.4,
        0.32727272727272727,
        0.2545454545454545,
        0.4727272727272728,
        0.2545454545454545,
        0.4909090909090909,
        0.32727272727272727
      ]
    },
    "translation-5.txt": {
      "mean_major_equiv_per_unit": 0.37272727272727274,
      "run_sd": 0.06591468852181569,
      "se_mean": 0.023304361616787478,
      "ci_95_half_width": 0.04567654876890346,
      "n_runs": 8,
      "run_scores": [
        0.3090909090909091,
        0.38181818181818183,
        0.32727272727272727,
        0.4909090909090909,
        0.3090909090909091,
        0.41818181818181815,
        0.41818181818181815,
        0.32727272727272727
      ]
    }
  },
  "usage": {
    "total_input_tokens": 154032,
    "total_output_tokens": 183901,
    "total_cost_usd": 0.40631
  }
}