{
  "num_translations": 10,
  "eval_runs_per_translation": 5,
  "backend": {
    "evaluation_model": "gpt-5-mini",
    "evaluated_translation_model": "gpt-5.2"
  },
  "major_equiv_per_unit": {
    "mean": 0.38763636363636367,
    "ci_95_lower": 0.34904657125980704,
    "ci_95_upper": 0.4262261560129203,
    "ci_95_half_width": 0.03858979237655663,
    "se_method": 0.019688669579875834,
    "translation_sd": 0.062261039970878104,
    "run_sd": 0.10195855682498173,
    "avg_eval_noise": 0.04559725278968685
  },
  "per_translation": {
    "translation-1.txt": {
      "mean_major_equiv_per_unit": 0.31272727272727274,
      "run_sd": 0.08272227757147148,
      "se_mean": 0.03699452718068329,
      "ci_95_half_width": 0.07250927327413924,
      "n_runs": 5,
      "run_scores": [
        0.2909090909090909,
        0.2909090909090909,
        0.2909090909090909,
        0.4545454545454546,
        0.2363636363636364
      ]
    },
    "translation-10.txt": {
      "mean_major_equiv_per_unit": 0.4690909090909091,
      "run_sd": 0.00813115628181742,
      "se_mean": 0.0036363636363636377,
      "ci_95_half_width": 0.0071272727272727295,
      "n_runs": 5,
      "run_scores": [
        0.4727272727272728,
        0.4727272727272728,
        0.4545454545454546,
        0.4727272727272728,
        0.4727272727272728
      ]
    },
    "translation-2.txt": {
      "mean_major_equiv_per_unit": 0.3672727272727273,
      "run_sd": 0.06851434065969737,
      "se_mean": 0.03064054462973222,
      "ci_95_half_width": 0.06005546747427515,
      "n_runs": 5,
      "run_scores": [
        0.4,
        0.32727272727272727,
        0.3090909090909091,
        0.32727272727272727,
        0.4727272727272728
      ]
    },
    "translation-3.txt": {
      "mean_major_equiv_per_unit": 0.3709090909090909,
      "run_sd": 0.09672317147833012,
      "se_mean": 0.04325591728498299,
      "ci_95_half_width": 0.08478159787856666,
      "n_runs": 5,
      "run_scores": [
        0.2909090909090909,
        0.4727272727272728,
        0.38181818181818183,
        0.4545454545454546,
        0.2545454545454545
      ]
    },
    "translation-4.txt": {
      "mean_major_equiv_per_unit": 0.3381818181818182,
      "run_sd": 0.04912456758584107,
      "se_mean": 0.021969174497444673,
      "ci_95_half_width": 0.043059582014991556,
      "n_runs": 5,
      "run_scores": [
        0.41818181818181815,
        0.34545454545454546,
        0.3090909090909091,
        0.32727272727272727,
        0.2909090909090909
      ]
    },
    "translation-5.txt": {
      "mean_major_equiv_per_unit": 0.3090909090909091,
      "run_sd": 0.054545454545454564,
      "se_mean": 0.02439346884545226,
      "ci_95_half_width": 0.04781119893708643,
      "n_runs": 5,
      "run_scores": [
        0.2545454545454545,
        0.2909090909090909,
        0.3090909090909091,
        0.2909090909090909,
        0.4
      ]
    },
    "translation-6.txt": {
      "mean_major_equiv_per_unit": 0.48000000000000004,
      "run_sd": 0.1394202873649514,
      "se_mean": 0.06235064799811727,
      "ci_95_half_width": 0.12220727007630985,
      "n_runs": 5,
      "run_scores": [
        0.5636363636363637,
        0.2727272727272727,
        0.6,
        0.4,
        0.5636363636363637
      ]
    },
    "translation-7.txt": {
      "mean_major_equiv_per_unit": 0.45454545454545453,
      "run_sd": 0.0782029569731148,
      "se_mean": 0.034973425566675174,
      "ci_95_half_width": 0.06854791411068334,
      "n_runs": 5,
      "run_scores": [
        0.5636363636363637,
        0.41818181818181815,
        0.509090909090909,
        0.38181818181818183,
        0.4
      ]
    },
    "translation-8.txt": {
      "mean_major_equiv_per_unit": 0.3745454545454545,
      "run_sd": 0.13273972544322893,
      "se_mean": 0.05936300988114365,
      "ci_95_half_width": 0.11635149936704156,
      "n_runs": 5,
      "run_scores": [
        0.5818181818181818,
        0.3090909090909091,
        0.41818181818181815,
        0.2363636363636364,
        0.32727272727272727
      ]
    },
    "translation-9.txt": {
      "mean_major_equiv_per_unit": 0.4,
      "run_sd": 0.11922615498730914,
      "se_mean": 0.05331955744950976,
      "ci_95_half_width": 0.10450633260103913,
      "n_runs": 5,
      "run_scores": [
        0.4727272727272728,
        0.5636363636363637,
        0.3090909090909091,
        0.2727272727272727,
        0.38181818181818183
      ]
    }
  },
  "usage": {
    "total_input_tokens": 199945,
    "total_output_tokens": 244275,
    "total_cost_usd": 0.538536
  }
}