{
  "num_translations": 5,
  "eval_runs_per_translation": 10,
  "backend": {
    "evaluation_model": "gpt-5-mini",
    "evaluated_translation_model": "gpt-5.2"
  },
  "major_equiv_per_unit": {
    "mean": 0.46036363636363636,
    "ci_95_lower": 0.3880876788829356,
    "ci_95_upper": 0.5326395938443371,
    "ci_95_half_width": 0.07227595748070079,
    "se_method": 0.036875488510561626,
    "translation_sd": 0.08245609901312827,
    "run_sd": 0.11101822545055041,
    "avg_eval_noise": 0.03510704542138122
  },
  "per_translation": {
    "translation-10.txt": {
      "mean_major_equiv_per_unit": 0.4636363636363636,
      "run_sd": 0.08751229744359787,
      "se_mean": 0.02767381831958999,
      "ci_95_half_width": 0.05424068390639638,
      "n_runs": 10,
      "run_scores": [
        0.4,
        0.6363636363636364,
        0.43636363636363634,
        0.5272727272727272,
        0.5272727272727272,
        0.41818181818181815,
        0.4,
        0.34545454545454546,
        0.41818181818181815,
        0.5272727272727272
      ]
    },
    "translation-6.txt": {
      "mean_major_equiv_per_unit": 0.3890909090909091,
      "run_sd": 0.0697364841873577,
      "se_mean": 0.022052612604436667,
      "ci_95_half_width": 0.04322312070469587,
      "n_runs": 10,
      "run_scores": [
        0.36363636363636365,
        0.38181818181818183,
        0.43636363636363634,
        0.4,
        0.32727272727272727,
        0.3090909090909091,
        0.2909090909090909,
        0.4909090909090909,
        0.4909090909090909,
        0.4
      ]
    },
    "translation-7.txt": {
      "mean_major_equiv_per_unit": 0.5927272727272728,
      "run_sd": 0.0707820670092433,
      "se_mean": 0.022383254924387135,
      "ci_95_half_width": 0.043871179651798785,
      "n_runs": 10,
      "run_scores": [
        0.6909090909090909,
        0.5272727272727272,
        0.5818181818181818,
        0.4727272727272728,
        0.5818181818181818,
        0.5636363636363637,
        0.6727272727272727,
        0.5454545454545454,
        0.6727272727272727,
        0.6181818181818182
      ]
    },
    "translation-8.txt": {
      "mean_major_equiv_per_unit": 0.4636363636363636,
      "run_sd": 0.06816498108607269,
      "se_mean": 0.021555659689428776,
      "ci_95_half_width": 0.0422490929912804,
      "n_runs": 10,
      "run_scores": [
        0.41818181818181815,
        0.4909090909090909,
        0.4909090909090909,
        0.5636363636363637,
        0.4,
        0.509090909090909,
        0.32727272727272727,
        0.4909090909090909,
        0.509090909090909,
        0.43636363636363634
      ]
    },
    "translation-9.txt": {
      "mean_major_equiv_per_unit": 0.39272727272727276,
      "run_sd": 0.12127271212878318,
      "se_mean": 0.03834979883528819,
      "ci_95_half_width": 0.07516560571716485,
      "n_runs": 10,
      "run_scores": [
        0.2727272727272727,
        0.4545454545454546,
        0.2363636363636364,
        0.5636363636363637,
        0.4,
        0.4727272727272728,
        0.4,
        0.2909090909090909,
        0.2727272727272727,
        0.5636363636363637
      ]
    }
  },
  "usage": {
    "total_input_tokens": 581459,
    "total_output_tokens": 256709,
    "total_cost_usd": 0.654381
  }
}