{
  "dataset_name": "diamond-arm",
  "methods": [
    {
      "method": "given",
      "num_translations": 4,
      "eval_runs_per_translation": 3,
      "mean_major_equiv_per_unit": 0.021739130434782608,
      "ci_95_half_width": 0.011939449090492871,
      "translation_sd": 0.01218311131682946,
      "pooled_eval_run_sd": 0.017192540056072368,
      "avg_eval_noise": 0.009926117629426806,
      "sensitivity": {
        "target": 0.03,
        "current_sensitivity": 0.016884930831038134,
        "meets_delta_target": true,
        "next_action": "increase_E",
        "min_T_required_at_current_E": 2,
        "min_E_required_at_current_T": 1
      }
    },
    {
      "method": "list-analysis",
      "num_translations": 4,
      "eval_runs_per_translation": 3,
      "mean_major_equiv_per_unit": 0.08405797101449275,
      "ci_95_half_width": 0.011596618105930023,
      "translation_sd": 0.011833283781561248,
      "pooled_eval_run_sd": 0.021083662456808976,
      "avg_eval_noise": 0.01217265819494187,
      "sensitivity": {
        "target": 0.03,
        "current_sensitivity": 0.016870443543230414,
        "meets_delta_target": true,
        "next_action": "increase_E",
        "min_T_required_at_current_E": 2,
        "min_E_required_at_current_T": 1
      }
    },
    {
      "method": "characters",
      "num_translations": 4,
      "eval_runs_per_translation": 3,
      "mean_major_equiv_per_unit": 0.08550724637681159,
      "ci_95_half_width": 0.00543929603247079,
      "translation_sd": 0.0055503020739497855,
      "pooled_eval_run_sd": 0.010377532894606174,
      "avg_eval_noise": 0.005991471410225071,
      "sensitivity": {
        "target": 0.03,
        "current_sensitivity": 0.00830375572437273,
        "meets_delta_target": true,
        "next_action": "increase_E",
        "min_T_required_at_current_E": 1,
        "min_E_required_at_current_T": 1
      }
    },
    {
      "method": "examples",
      "num_translations": 4,
      "eval_runs_per_translation": 3,
      "mean_major_equiv_per_unit": 0.0891304347826087,
      "ci_95_half_width": 0.009942028985507247,
      "translation_sd": 0.010144927536231885,
      "pooled_eval_run_sd": 0.02035093385273676,
      "avg_eval_noise": 0.011749617138137838,
      "sensitivity": {
        "target": 0.03,
        "current_sensitivity": 0.01628413855125696,
        "meets_delta_target": true,
        "next_action": "increase_E",
        "min_T_required_at_current_E": 2,
        "min_E_required_at_current_T": 1
      }
    },
    {
      "method": "summary",
      "num_translations": 4,
      "eval_runs_per_translation": 3,
      "mean_major_equiv_per_unit": 0.09130434782608696,
      "ci_95_half_width": 0.014941197257293051,
      "translation_sd": 0.015246119650299032,
      "pooled_eval_run_sd": 0.017192540056072365,
      "avg_eval_noise": 0.009926117629426804,
      "sensitivity": {
        "target": 0.03,
        "current_sensitivity": 0.021130043799355524,
        "meets_delta_target": true,
        "next_action": "increase_both",
        "min_T_required_at_current_E": 2,
        "min_E_required_at_current_T": 1
      }
    },
    {
      "method": "meme-list",
      "num_translations": 4,
      "eval_runs_per_translation": 3,
      "mean_major_equiv_per_unit": 0.0927536231884058,
      "ci_95_half_width": 0.010878592064941578,
      "translation_sd": 0.01110060414789957,
      "pooled_eval_run_sd": 0.018290333216419787,
      "avg_eval_noise": 0.010559928806067919,
      "sensitivity": {
        "target": 0.03,
        "current_sensitivity": 0.015384652437764714,
        "meets_delta_target": true,
        "next_action": "increase_E",
        "min_T_required_at_current_E": 2,
        "min_E_required_at_current_T": 1
      }
    },
    {
      "method": "narratives",
      "num_translations": 4,
      "eval_runs_per_translation": 3,
      "mean_major_equiv_per_unit": 0.09927536231884058,
      "ci_95_half_width": 0.011213396035440068,
      "translation_sd": 0.011442240852489866,
      "pooled_eval_run_sd": 0.026855179472308303,
      "avg_eval_noise": 0.015504845097472911,
      "sensitivity": {
        "target": 0.03,
        "current_sensitivity": 0.02148861897495338,
        "meets_delta_target": true,
        "next_action": "increase_E",
        "min_T_required_at_current_E": 3,
        "min_E_required_at_current_T": 2
      }
    },
    {
      "method": "intertext",
      "num_translations": 4,
      "eval_runs_per_translation": 6,
      "mean_major_equiv_per_unit": 0.09963768115942029,
      "ci_95_half_width": 0.005104488280142721,
      "translation_sd": 0.0052086615103497155,
      "pooled_eval_run_sd": 0.022419980030005903,
      "avg_eval_noise": 0.009152918519483858,
      "sensitivity": {
        "target": 0.03,
        "current_sensitivity": 0.012685297875438942,
        "meets_delta_target": true,
        "next_action": "increase_E",
        "min_T_required_at_current_E": 1,
        "min_E_required_at_current_T": 2
      }
    },
    {
      "method": "noise",
      "num_translations": 7,
      "eval_runs_per_translation": 7,
      "mean_major_equiv_per_unit": 0.11064773735581189,
      "ci_95_half_width": 0.018118144793616283,
      "translation_sd": 0.024457196602943043,
      "pooled_eval_run_sd": 0.026570729372974795,
      "avg_eval_noise": 0.010042791724927213,
      "sensitivity": {
        "target": 0.03,
        "current_sensitivity": 0.025622926092171625,
        "meets_delta_target": true,
        "next_action": "increase_T",
        "min_T_required_at_current_E": 6,
        "min_E_required_at_current_T": 3
      }
    },
    {
      "method": "zero",
      "num_translations": 10,
      "eval_runs_per_translation": 7,
      "mean_major_equiv_per_unit": 0.11946169772256729,
      "ci_95_half_width": 0.01592643769866244,
      "translation_sd": 0.025695825581910064,
      "pooled_eval_run_sd": 0.034709214979702564,
      "avg_eval_noise": 0.013118850148367254,
      "sensitivity": {
        "target": 0.03,
        "current_sensitivity": 0.022523384193738567,
        "meets_delta_target": true,
        "next_action": "increase_T",
        "min_T_required_at_current_E": 6,
        "min_E_required_at_current_T": 2
      }
    }
  ],
  "target": 0.03
}
