{
  "num_translations": 3,
  "eval_runs_per_translation": 15,
  "per_translation_mean_penalty": [
    3.3636363636363638,
    4.472727272727273,
    2.9454545454545458
  ],
  "per_translation_mean_major_equiv": [
    0.6727272727272727,
    0.8945454545454545,
    0.5890909090909091
  ],
  "penalty_per_unit": {
    "mean": 3.593939393939394,
    "median": 3.3636363636363638,
    "std": 0.7892528810164947,
    "ci_95": 0.8931237120945794
  },
  "major_errors_per_unit": {
    "mean": 0.7187878787878788,
    "median": 0.6727272727272727,
    "std": 0.15785057620329895,
    "ci_95": 0.1786247424189159
  },
  "usage": {
    "total_input_tokens": 2727645,
    "total_output_tokens": 93131,
    "total_cost_usd": 6.077213
  },
  "interpretation": "Average MQM penalty per meaning unit: 3.59 (STD: 0.79, 95% CI: ±0.89). Major-equivalent errors per unit: 0.72 (STD: 0.16, 95% CI: ±0.18). (Weights: minor=1, major=5, critical=10)"
}