{
  "backend": {
    "dataset_name": "ivan-vas",
    "evaluation_model": "gpt-5.4-mini",
    "evaluated_translation_model": "gpt-5.2"
  },
  "requested_eval_runs_per_translation": 4,
  "num_methods": 5,
  "total_successful_eval_runs": 80,
  "per_method": {
    "characters": {
      "num_translations": 4,
      "eval_runs_per_translation": 4,
      "observed_eval_runs_per_translation": [
        4
      ],
      "mean_major_equiv_per_unit": 0.525,
      "translation_sd": 0.08941961624048181,
      "se_method": 0.044709808120240904,
      "ci_95_half_width": 0.08763122391567217,
      "ci_95_lower": 0.43736877608432784,
      "ci_95_upper": 0.6126312239156722,
      "pooled_eval_run_sd": 0.112754151243267,
      "avg_eval_noise": 0.0563770756216335,
      "translation_means": [
        0.5136363636363637,
        0.5318181818181817,
        0.6363636363636364,
        0.4181818181818182
      ],
      "per_translation": {
        "1": {
          "mean_major_equiv_per_unit": 0.5136363636363637,
          "eval_run_sd": 0.1523914055840019,
          "eval_noise_se": 0.07619570279200095,
          "ci_95_half_width": 0.14934357747232188,
          "n_eval_runs": 4,
          "eval_scores": [
            0.6727272727272727,
            0.509090909090909,
            0.5636363636363637,
            0.3090909090909091
          ]
        },
        "2": {
          "mean_major_equiv_per_unit": 0.5318181818181817,
          "eval_run_sd": 0.03441762633818349,
          "eval_noise_se": 0.017208813169091744,
          "ci_95_half_width": 0.03372927381141982,
          "n_eval_runs": 4,
          "eval_scores": [
            0.5272727272727272,
            0.509090909090909,
            0.5818181818181818,
            0.509090909090909
          ]
        },
        "3": {
          "mean_major_equiv_per_unit": 0.6363636363636364,
          "eval_run_sd": 0.15780868565201858,
          "eval_noise_se": 0.07890434282600929,
          "ci_95_half_width": 0.15465251193897822,
          "n_eval_runs": 4,
          "eval_scores": [
            0.6,
            0.4545454545454546,
            0.8363636363636363,
            0.6545454545454545
          ]
        },
        "4": {
          "mean_major_equiv_per_unit": 0.4181818181818182,
          "eval_run_sd": 0.03927721635398704,
          "eval_noise_se": 0.01963860817699352,
          "ci_95_half_width": 0.03849167202690729,
          "n_eval_runs": 4,
          "eval_scores": [
            0.4545454545454546,
            0.41818181818181815,
            0.36363636363636365,
            0.43636363636363634
          ]
        }
      }
    },
    "list-analysis": {
      "num_translations": 4,
      "eval_runs_per_translation": 4,
      "observed_eval_runs_per_translation": [
        4
      ],
      "mean_major_equiv_per_unit": 0.44886363636363635,
      "translation_sd": 0.0822693788034481,
      "se_method": 0.04113468940172405,
      "ci_95_half_width": 0.08062399122737914,
      "ci_95_lower": 0.36823964513625723,
      "ci_95_upper": 0.5294876275910155,
      "pooled_eval_run_sd": 0.0812692020115387,
      "avg_eval_noise": 0.04063460100576935,
      "translation_means": [
        0.5363636363636364,
        0.35454545454545455,
        0.4954545454545455,
        0.40909090909090906
      ],
      "per_translation": {
        "1": {
          "mean_major_equiv_per_unit": 0.5363636363636364,
          "eval_run_sd": 0.03481553119113958,
          "eval_noise_se": 0.01740776559556979,
          "ci_95_half_width": 0.03411922056731679,
          "n_eval_runs": 4,
          "eval_scores": [
            0.509090909090909,
            0.509090909090909,
            0.5454545454545454,
            0.5818181818181818
          ]
        },
        "2": {
          "mean_major_equiv_per_unit": 0.35454545454545455,
          "eval_run_sd": 0.07642133462374846,
          "eval_noise_se": 0.03821066731187423,
          "ci_95_half_width": 0.0748929079312735,
          "n_eval_runs": 4,
          "eval_scores": [
            0.4545454545454546,
            0.2727272727272727,
            0.32727272727272727,
            0.36363636363636365
          ]
        },
        "3": {
          "mean_major_equiv_per_unit": 0.4954545454545455,
          "eval_run_sd": 0.09663768920667862,
          "eval_noise_se": 0.04831884460333931,
          "ci_95_half_width": 0.09470493542254504,
          "n_eval_runs": 4,
          "eval_scores": [
            0.4727272727272728,
            0.41818181818181815,
            0.4545454545454546,
            0.6363636363636364
          ]
        },
        "4": {
          "mean_major_equiv_per_unit": 0.40909090909090906,
          "eval_run_sd": 0.10013764631429276,
          "eval_noise_se": 0.05006882315714638,
          "ci_95_half_width": 0.0981348933880069,
          "n_eval_runs": 4,
          "eval_scores": [
            0.34545454545454546,
            0.3090909090909091,
            0.4545454545454546,
            0.5272727272727272
          ]
        }
      }
    },
    "narratives": {
      "num_translations": 4,
      "eval_runs_per_translation": 4,
      "observed_eval_runs_per_translation": [
        4
      ],
      "mean_major_equiv_per_unit": 0.7329545454545454,
      "translation_sd": 0.05930903795772673,
      "se_method": 0.029654518978863367,
      "ci_95_half_width": 0.0581228571985722,
      "ci_95_lower": 0.6748316882559732,
      "ci_95_upper": 0.7910774026531177,
      "pooled_eval_run_sd": 0.10676175169668375,
      "avg_eval_noise": 0.05338087584834188,
      "translation_means": [
        0.7272727272727273,
        0.6863636363636364,
        0.7,
        0.8181818181818181
      ],
      "per_translation": {
        "1": {
          "mean_major_equiv_per_unit": 0.7272727272727273,
          "eval_run_sd": 0.08528028654224416,
          "eval_noise_se": 0.04264014327112208,
          "ci_95_half_width": 0.08357468081139928,
          "n_eval_runs": 4,
          "eval_scores": [
            0.8181818181818181,
            0.6545454545454545,
            0.7818181818181819,
            0.6545454545454545
          ]
        },
        "2": {
          "mean_major_equiv_per_unit": 0.6863636363636364,
          "eval_run_sd": 0.10109592313704414,
          "eval_noise_se": 0.05054796156852207,
          "ci_95_half_width": 0.09907400467430326,
          "n_eval_runs": 4,
          "eval_scores": [
            0.5818181818181818,
            0.6181818181818182,
            0.7636363636363637,
            0.7818181818181819
          ]
        },
        "3": {
          "mean_major_equiv_per_unit": 0.7,
          "eval_run_sd": 0.0672153727661177,
          "eval_noise_se": 0.03360768638305885,
          "ci_95_half_width": 0.06587106531079535,
          "n_eval_runs": 4,
          "eval_scores": [
            0.6727272727272727,
            0.6727272727272727,
            0.6545454545454545,
            0.8
          ]
        },
        "4": {
          "mean_major_equiv_per_unit": 0.8181818181818181,
          "eval_run_sd": 0.15356193284024153,
          "eval_noise_se": 0.07678096642012076,
          "ci_95_half_width": 0.1504906941834367,
          "n_eval_runs": 4,
          "eval_scores": [
            1.0,
            0.8909090909090909,
            0.6909090909090909,
            0.6909090909090909
          ]
        }
      }
    },
    "noise": {
      "num_translations": 4,
      "eval_runs_per_translation": 4,
      "observed_eval_runs_per_translation": [
        4
      ],
      "mean_major_equiv_per_unit": 0.7261363636363637,
      "translation_sd": 0.06756029854429257,
      "se_method": 0.03378014927214629,
      "ci_95_half_width": 0.06620909257340672,
      "ci_95_lower": 0.659927271062957,
      "ci_95_upper": 0.7923454562097704,
      "pooled_eval_run_sd": 0.09695785912591609,
      "avg_eval_noise": 0.048478929562958045,