{
  "backend": {
    "dataset_name": "ivan-vas",
    "evaluation_model": "gpt-5.4-mini",
    "evaluated_translation_model": "gpt-5.2"
  },
  "requested_eval_runs_per_translation": 4,
  "num_methods": 5,
  "total_successful_eval_runs": 80,
  "per_method": {
    "characters": {
      "num_translations": 4,
      "eval_runs_per_translation": 4,
      "observed_eval_runs_per_translation": [
        4
      ],
      "mean_major_equiv_per_unit": 0.6556818181818183,
      "translation_sd": 0.06378499957512658,
      "se_method": 0.03189249978756329,
      "ci_95_half_width": 0.06250929958362404,
      "ci_95_lower": 0.5931725185981942,
      "ci_95_upper": 0.7181911177654423,
      "pooled_eval_run_sd": 0.1256662684226907,
      "avg_eval_noise": 0.06283313421134536,
      "translation_means": [
        0.6090909090909091,
        0.6681818181818182,
        0.6045454545454546,
        0.740909090909091
      ],
      "per_translation": {
        "1": {
          "mean_major_equiv_per_unit": 0.6090909090909091,
          "eval_run_sd": 0.023472626340651018,
          "eval_noise_se": 0.011736313170325509,
          "ci_95_half_width": 0.023003173813837995,
          "n_eval_runs": 4,
          "eval_scores": [
            0.6,
            0.6181818181818182,
            0.6363636363636364,
            0.5818181818181818
          ]
        },
        "2": {
          "mean_major_equiv_per_unit": 0.6681818181818182,
          "eval_run_sd": 0.12094667905136426,
          "eval_noise_se": 0.06047333952568213,
          "ci_95_half_width": 0.11852774547033697,
          "n_eval_runs": 4,
          "eval_scores": [
            0.5636363636363637,
            0.7818181818181819,
            0.5636363636363637,
            0.7636363636363637
          ]
        },
        "3": {
          "mean_major_equiv_per_unit": 0.6045454545454546,
          "eval_run_sd": 0.1442182307186763,
          "eval_noise_se": 0.07210911535933814,
          "ci_95_half_width": 0.14133386610430276,
          "n_eval_runs": 4,
          "eval_scores": [
            0.7090909090909091,
            0.7272727272727273,
            0.41818181818181815,
            0.5636363636363637
          ]
        },
        "4": {
          "mean_major_equiv_per_unit": 0.740909090909091,
          "eval_run_sd": 0.16489415588379144,
          "eval_noise_se": 0.08244707794189572,
          "ci_95_half_width": 0.1615962727661156,
          "n_eval_runs": 4,
          "eval_scores": [
            0.9090909090909092,
            0.8545454545454545,
            0.6181818181818182,
            0.5818181818181818
          ]
        }
      }
    },
    "list-analysis": {
      "num_translations": 4,
      "eval_runs_per_translation": 4,
      "observed_eval_runs_per_translation": [
        4
      ],
      "mean_major_equiv_per_unit": 0.6363636363636364,
      "translation_sd": 0.16995380996218107,
      "se_method": 0.08497690498109053,
      "ci_95_half_width": 0.16655473376293745,
      "ci_95_lower": 0.4698089026006989,
      "ci_95_upper": 0.8029183701265739,
      "pooled_eval_run_sd": 0.12829674624252452,
      "avg_eval_noise": 0.06414837312126226,
      "translation_means": [
        0.8636363636363636,
        0.5772727272727273,
        0.6454545454545454,
        0.4590909090909091
      ],
      "per_translation": {
        "1": {
          "mean_major_equiv_per_unit": 0.8636363636363636,
          "eval_run_sd": 0.16023398868366406,
          "eval_noise_se": 0.08011699434183203,
          "ci_95_half_width": 0.15702930890999078,
          "n_eval_runs": 4,
          "eval_scores": [
            0.6909090909090909,
            1.0,
            0.7636363636363637,
            1.0
          ]
        },
        "2": {
          "mean_major_equiv_per_unit": 0.5772727272727273,
          "eval_run_sd": 0.10325287901455042,
          "eval_noise_se": 0.05162643950727521,
          "ci_95_half_width": 0.10118782143425942,
          "n_eval_runs": 4,
          "eval_scores": [
            0.6363636363636364,
            0.4727272727272728,
            0.509090909090909,
            0.6909090909090909
          ]
        },
        "3": {
          "mean_major_equiv_per_unit": 0.6454545454545454,
          "eval_run_sd": 0.1458328414001935,
          "eval_noise_se": 0.07291642070009675,
          "ci_95_half_width": 0.14291618457218963,
          "n_eval_runs": 4,
          "eval_scores": [
            0.5454545454545454,
            0.8545454545454545,
            0.6363636363636364,
            0.5454545454545454
          ]
        },
        "4": {
          "mean_major_equiv_per_unit": 0.4590909090909091,
          "eval_run_sd": 0.09075744928407233,
          "eval_noise_se": 0.04537872464203616,
          "ci_95_half_width": 0.08894230029839088,
          "n_eval_runs": 4,
          "eval_scores": [
            0.38181818181818183,
            0.4,
            0.4727272727272728,
            0.5818181818181818
          ]
        }
      }
    },
    "narratives": {
      "num_translations": 4,
      "eval_runs_per_translation": 4,
      "observed_eval_runs_per_translation": [
        4
      ],
      "mean_major_equiv_per_unit": 0.8818181818181818,
      "translation_sd": 0.12732682832820902,
      "se_method": 0.06366341416410451,
      "ci_95_half_width": 0.12478029176164483,
      "ci_95_lower": 0.757037890056537,
      "ci_95_upper": 1.0065984735798266,
      "pooled_eval_run_sd": 0.08455034198971943,
      "avg_eval_noise": 0.042275170994859716,
      "translation_means": [
        0.8090909090909091,
        0.8863636363636364,
        0.7727272727272727,
        1.059090909090909
      ],
      "per_translation": {
        "1": {
          "mean_major_equiv_per_unit": 0.8090909090909091,
          "eval_run_sd": 0.07348094335140694,
          "eval_noise_se": 0.03674047167570347,
          "ci_95_half_width": 0.0720113244843788,
          "n_eval_runs": 4,
          "eval_scores": [
            0.7454545454545454,
            0.8727272727272727,
            0.7454545454545454,
            0.8727272727272727
          ]
        },
        "2": {
          "mean_major_equiv_per_unit": 0.8863636363636364,
          "eval_run_sd": 0.04031555968378816,
          "eval_noise_se": 0.02015777984189408,
          "ci_95_half_width": 0.03950924849011239,
          "n_eval_runs": 4,
          "eval_scores": [
            0.8545454545454545,
            0.8727272727272727,
            0.9454545454545455,
            0.8727272727272727
          ]
        },
        "3": {
          "mean_major_equiv_per_unit": 0.7727272727272727,
          "eval_run_sd": 0.13807013030175172,
          "eval_noise_se": 0.06903506515087586,
          "ci_95_half_width": 0.1353087276957167,
          "n_eval_runs": 4,
          "eval_scores": [
            0.6545454545454545,
            0.9636363636363636,
            0.7818181818181819,
            0.6909090909090909
          ]
        },
        "4": {
          "mean_major_equiv_per_unit": 1.059090909090909,
          "eval_run_sd": 0.05006882315714638,
          "eval_noise_se": 0.02503441157857319,
          "ci_95_half_width": 0.04906744669400345,
          "n_eval_runs": 4,
          "eval_scores": [
            1.1090909090909091,
            1.0909090909090908,
            1.0,
            1.0363636363636364
          ]
        }
      }
    },
    "noise": {
      "num_translations": 4,
      "eval_runs_per_translation": 4,
      "observed_eval_runs_per_translation": [
        4
      ],
      "mean_major_equiv_per_unit": 0.875,
      "translation_sd": 0.08731533051044794,
      "se_method": 0.04365766525522397,
      "ci_95_half_width": 0.08556902390023899,
      "ci_95_lower": 0.789430976099761,
      "ci_95_upper": 0.960569023900239,
      "pooled_eval_run_sd": 0.10054945468507308,
      "avg_eval_noise": 0.05027472734253654,