{
  "backend": {
    "dataset_name": "ivan-vas",
    "evaluation_model": "gpt-5.4-mini",
    "evaluated_translation_model": "gpt-5.2"
  },
  "requested_eval_runs_per_translation": 4,
  "num_methods": 2,
  "total_successful_eval_runs": 96,
  "per_method": {
    "list-analysis-lang": {
      "num_translations": 14,
      "eval_runs_per_translation": 4,
      "observed_eval_runs_per_translation": [
        4
      ],
      "mean_major_equiv_per_unit": 0.6564935064935065,
      "translation_sd": 0.09572413289058863,
      "se_method": 0.02558335063732867,
      "ci_95_half_width": 0.05014336724916419,
      "ci_95_lower": 0.6063501392443422,
      "ci_95_upper": 0.7066368737426707,
      "pooled_eval_run_sd": 0.1464253318384977,
      "avg_eval_noise": 0.07321266591924885,
      "translation_means": [
        0.6045454545454546,
        0.6045454545454545,
        0.7090909090909091,
        0.6545454545454545,
        0.5545454545454546,
        0.6181818181818182,
        0.55,
        0.740909090909091,
        0.8090909090909091,
        0.5227272727272727,
        0.8136363636363636,
        0.6772727272727272,
        0.5818181818181818,
        0.75
      ],
      "per_translation": {
        "1": {
          "mean_major_equiv_per_unit": 0.6045454545454546,
          "eval_run_sd": 0.10640636282472384,
          "eval_noise_se": 0.05320318141236192,
          "ci_95_half_width": 0.10427823556822936,
          "n_eval_runs": 4,
          "eval_scores": [
            0.4727272727272728,
            0.6909090909090909,
            0.5636363636363637,
            0.6909090909090909
          ]
        },
        "2": {
          "mean_major_equiv_per_unit": 0.6045454545454545,
          "eval_run_sd": 0.18385225832869712,
          "eval_noise_se": 0.09192612916434856,
          "ci_95_half_width": 0.18017521316212318,
          "n_eval_runs": 4,
          "eval_scores": [
            0.4545454545454546,
            0.8727272727272727,
            0.5454545454545454,
            0.5454545454545454
          ]
        },
        "3": {
          "mean_major_equiv_per_unit": 0.7090909090909091,
          "eval_run_sd": 0.27653901931029906,
          "eval_noise_se": 0.13826950965514953,
          "ci_95_half_width": 0.2710082389240931,
          "n_eval_runs": 4,
          "eval_scores": [
            0.9454545454545455,
            0.5272727272727272,
            0.41818181818181815,
            0.9454545454545455
          ]
        },
        "4": {
          "mean_major_equiv_per_unit": 0.6545454545454545,
          "eval_run_sd": 0.07422696190252057,
          "eval_noise_se": 0.03711348095126028,
          "ci_95_half_width": 0.07274242266447016,
          "n_eval_runs": 4,
          "eval_scores": [
            0.7090909090909091,
            0.7272727272727273,
            0.5818181818181818,
            0.6
          ]
        },
        "5": {
          "mean_major_equiv_per_unit": 0.5545454545454546,
          "eval_run_sd": 0.03149183286488871,
          "eval_noise_se": 0.015745916432444353,
          "ci_95_half_width": 0.030861996207590933,
          "n_eval_runs": 4,
          "eval_scores": [
            0.5636363636363637,
            0.509090909090909,
            0.5818181818181818,
            0.5636363636363637
          ]
        },
        "6": {
          "mean_major_equiv_per_unit": 0.6181818181818182,
          "eval_run_sd": 0.13524796123891758,
          "eval_noise_se": 0.06762398061945879,
          "ci_95_half_width": 0.13254300201413924,
          "n_eval_runs": 4,
          "eval_scores": [
            0.4909090909090909,
            0.6363636363636364,
            0.5454545454545454,
            0.8
          ]
        },
        "7": {
          "mean_major_equiv_per_unit": 0.55,
          "eval_run_sd": 0.14573835947164906,
          "eval_noise_se": 0.07286917973582453,
          "ci_95_half_width": 0.14282359228221608,
          "n_eval_runs": 4,
          "eval_scores": [
            0.34545454545454546,
            0.5818181818181818,
            0.6909090909090909,
            0.5818181818181818
          ]
        },
        "8": {
          "mean_major_equiv_per_unit": 0.740909090909091,
          "eval_run_sd": 0.09663768920667863,
          "eval_noise_se": 0.048318844603339316,
          "ci_95_half_width": 0.09470493542254506,
          "n_eval_runs": 4,
          "eval_scores": [
            0.6,
            0.7818181818181819,
            0.7636363636363637,
            0.8181818181818181
          ]
        },
        "9": {
          "mean_major_equiv_per_unit": 0.8090909090909091,
          "eval_run_sd": 0.062102731914906624,
          "eval_noise_se": 0.031051365957453312,
          "ci_95_half_width": 0.06086067727660849,
          "n_eval_runs": 4,
          "eval_scores": [
            0.8727272727272727,
            0.8363636363636363,
            0.7272727272727273,
            0.8
          ]
        },
        "10": {
          "mean_major_equiv_per_unit": 0.5227272727272727,
          "eval_run_sd": 0.21014228421316128,
          "eval_noise_se": 0.10507114210658064,
          "ci_95_half_width": 0.20593943852889804,
          "n_eval_runs": 4,
          "eval_scores": [
            0.36363636363636365,
            0.38181818181818183,
            0.5272727272727272,
            0.8181818181818181
          ]
        },
        "11": {
          "mean_major_equiv_per_unit": 0.8136363636363636,
          "eval_run_sd": 0.11244833524411801,
          "eval_noise_se": 0.05622416762205901,
          "ci_95_half_width": 0.11019936853923565,
          "n_eval_runs": 4,
          "eval_scores": [
            0.7454545454545454,
            0.7636363636363637,
            0.7636363636363637,
            0.9818181818181818
          ]
        },
        "12": {
          "mean_major_equiv_per_unit": 0.6772727272727272,
          "eval_run_sd": 0.065345026220751,
          "eval_noise_se": 0.0326725131103755,
          "ci_95_half_width": 0.06403812569633598,
          "n_eval_runs": 4,
          "eval_scores": [
            0.7636363636363637,
            0.6181818181818182,
            0.6363636363636364,
            0.6909090909090909
          ]
        },
        "13": {
          "mean_major_equiv_per_unit": 0.5818181818181818,
          "eval_run_sd": 0.11783164906196104,
          "eval_noise_se": 0.05891582453098052,
          "ci_95_half_width": 0.11547501608072182,
          "n_eval_runs": 4,
          "eval_scores": [
            0.5272727272727272,
            0.7454545454545454,
            0.5818181818181818,
            0.4727272727272728
          ]
        },
        "14": {
          "mean_major_equiv_per_unit": 0.75,
          "eval_run_sd": 0.2106660041137539,
          "eval_noise_se": 0.10533300205687696,
          "ci_95_half_width": 0.20645268403147884,
          "n_eval_runs": 4,
          "eval_scores": [
            1.0545454545454545,
            0.6181818181818182,
            0.6,
            0.7272727272727273
          ]
        }
      }
    },
    "zero-lang": {
      "num_translations": 10,
      "eval_runs_per_translation": 4,
      "observed_eval_runs_per_translation": [
        4
      ],
      "mean_major_equiv_per_unit": 0.9122727272727272,
      "translation_sd": 0.16680503897804314,
      "se_method": 0.05274838483637815,
      "ci_95_half_width": 0.10338683427930118,
      "ci_95_lower": 0.8088858929934261,
      "ci_95_upper": 1.0156595615520283,
      "pooled_eval_run_sd": 0.12330392025118786,
      "avg_eval_noise": 0.06165196012559393,
      "translation_means": [
        0.9363636363636363,
        0.6363636363636364,
        1.1954545454545455,
        0.7863636363636364,
        0.8636363636363636,
        0.9136363636363636,
        0.9,
        1.1590909090909092,
        0.9363636363636364,
        0.7954545454545454
      ],
      "per_translation": {
        "1": {
          "mean_major_equiv_per_unit": 0.9363636363636363,