{
  "backend": {
    "dataset_name": "ivan-vas",
    "evaluation_model": "gpt-5.4-mini",
    "evaluated_translation_model": "gpt-5.2"
  },
  "requested_eval_runs_per_translation": 4,
  "num_methods": 5,
  "total_successful_eval_runs": 104,
  "per_method": {
    "characters": {
      "num_translations": 4,
      "eval_runs_per_translation": 4,
      "observed_eval_runs_per_translation": [
        4
      ],
      "mean_major_equiv_per_unit": 0.6931818181818182,
      "translation_sd": 0.046724678621543246,
      "se_method": 0.023362339310771623,
      "ci_95_half_width": 0.04579018504911238,
      "ci_95_lower": 0.6473916331327059,
      "ci_95_upper": 0.7389720032309306,
      "pooled_eval_run_sd": 0.09158837127095404,
      "avg_eval_noise": 0.04579418563547702,
      "translation_means": [
        0.6318181818181818,
        0.7272727272727273,
        0.6818181818181819,
        0.7318181818181818
      ],
      "per_translation": {
        "1": {
          "mean_major_equiv_per_unit": 0.6318181818181818,
          "eval_run_sd": 0.1339174532968749,
          "eval_noise_se": 0.06695872664843745,
          "ci_95_half_width": 0.1312391042309374,
          "n_eval_runs": 4,
          "eval_scores": [
            0.5454545454545454,
            0.7272727272727273,
            0.7636363636363637,
            0.4909090909090909
          ]
        },
        "2": {
          "mean_major_equiv_per_unit": 0.7272727272727273,
          "eval_run_sd": 0.04453617714151235,
          "eval_noise_se": 0.022268088570756173,
          "ci_95_half_width": 0.0436454535986821,
          "n_eval_runs": 4,
          "eval_scores": [
            0.7090909090909091,
            0.7636363636363637,
            0.6727272727272727,
            0.7636363636363637
          ]
        },
        "3": {
          "mean_major_equiv_per_unit": 0.6818181818181819,
          "eval_run_sd": 0.04810456929208348,
          "eval_noise_se": 0.02405228464604174,
          "ci_95_half_width": 0.04714247790624181,
          "n_eval_runs": 4,
          "eval_scores": [
            0.6181818181818182,
            0.7090909090909091,
            0.7272727272727273,
            0.6727272727272727
          ]
        },
        "4": {
          "mean_major_equiv_per_unit": 0.7318181818181818,
          "eval_run_sd": 0.10640636282472386,
          "eval_noise_se": 0.05320318141236193,
          "ci_95_half_width": 0.10427823556822938,
          "n_eval_runs": 4,
          "eval_scores": [
            0.6181818181818182,
            0.6727272727272727,
            0.8545454545454545,
            0.7818181818181819
          ]
        }
      }
    },
    "list-analysis": {
      "num_translations": 5,
      "eval_runs_per_translation": 4,
      "observed_eval_runs_per_translation": [
        4
      ],
      "mean_major_equiv_per_unit": 0.6872727272727273,
      "translation_sd": 0.10012389019824264,
      "se_method": 0.04477676493099909,
      "ci_95_half_width": 0.0877624592647582,
      "ci_95_lower": 0.599510268007969,
      "ci_95_upper": 0.7750351865374855,
      "pooled_eval_run_sd": 0.1500780329627272,
      "avg_eval_noise": 0.0750390164813636,
      "translation_means": [
        0.7136363636363636,
        0.5545454545454546,
        0.6772727272727272,
        0.6590909090909091,
        0.8318181818181818
      ],
      "per_translation": {
        "1": {
          "mean_major_equiv_per_unit": 0.7136363636363636,
          "eval_run_sd": 0.08829577142020284,
          "eval_noise_se": 0.04414788571010142,
          "ci_95_half_width": 0.08652985599179878,
          "n_eval_runs": 4,
          "eval_scores": [
            0.7636363636363637,
            0.7454545454545454,
            0.5818181818181818,
            0.7636363636363637
          ]
        },
        "2": {
          "mean_major_equiv_per_unit": 0.5545454545454546,
          "eval_run_sd": 0.03481553119113959,
          "eval_noise_se": 0.017407765595569794,
          "ci_95_half_width": 0.034119220567316796,
          "n_eval_runs": 4,
          "eval_scores": [
            0.5636363636363637,
            0.6,
            0.5272727272727272,
            0.5272727272727272
          ]
        },
        "3": {
          "mean_major_equiv_per_unit": 0.6772727272727272,
          "eval_run_sd": 0.26279908843362204,
          "eval_noise_se": 0.13139954421681102,
          "ci_95_half_width": 0.2575431066649496,
          "n_eval_runs": 4,
          "eval_scores": [
            0.9818181818181818,
            0.8,
            0.4,
            0.5272727272727272
          ]
        },
        "4": {
          "mean_major_equiv_per_unit": 0.6590909090909091,
          "eval_run_sd": 0.14724279531219808,
          "eval_noise_se": 0.07362139765609904,
          "ci_95_half_width": 0.14429793940595412,
          "n_eval_runs": 4,
          "eval_scores": [
            0.8727272727272727,
            0.6363636363636364,
            0.5454545454545454,
            0.5818181818181818
          ]
        },
        "5": {
          "mean_major_equiv_per_unit": 0.8318181818181818,
          "eval_run_sd": 0.11342404407401756,
          "eval_noise_se": 0.05671202203700878,
          "ci_95_half_width": 0.11115556319253721,
          "n_eval_runs": 4,
          "eval_scores": [
            0.7272727272727273,
            0.8545454545454545,
            0.9818181818181818,
            0.7636363636363637
          ]
        }
      }
    },
    "narratives": {
      "num_translations": 7,
      "eval_runs_per_translation": 4,
      "observed_eval_runs_per_translation": [
        4
      ],
      "mean_major_equiv_per_unit": 0.8188311688311688,
      "translation_sd": 0.05563486402641865,
      "se_method": 0.021028002062685337,
      "ci_95_half_width": 0.04121488404286326,
      "ci_95_lower": 0.7776162847883056,
      "ci_95_upper": 0.860046052874032,
      "pooled_eval_run_sd": 0.10736367118627349,
      "avg_eval_noise": 0.053681835593136745,
      "translation_means": [
        0.8090909090909091,
        0.8590909090909091,
        0.7863636363636364,
        0.8909090909090909,
        0.8681818181818182,
        0.7818181818181819,
        0.7363636363636364
      ],
      "per_translation": {
        "1": {
          "mean_major_equiv_per_unit": 0.8090909090909091,
          "eval_run_sd": 0.14122642663916415,
          "eval_noise_se": 0.07061321331958208,
          "ci_95_half_width": 0.13840189810638087,
          "n_eval_runs": 4,
          "eval_scores": [
            0.8727272727272727,
            0.7636363636363637,
            0.9636363636363636,
            0.6363636363636364
          ]
        },
        "2": {
          "mean_major_equiv_per_unit": 0.8590909090909091,
          "eval_run_sd": 0.0818181818181818,
          "eval_noise_se": 0.0409090909090909,
          "ci_95_half_width": 0.08018181818181816,
          "n_eval_runs": 4,
          "eval_scores": [
            0.9636363636363636,
            0.8545454545454545,
            0.7636363636363637,
            0.8545454545454545
          ]
        },
        "3": {
          "mean_major_equiv_per_unit": 0.7863636363636364,
          "eval_run_sd": 0.009090909090909094,
          "eval_noise_se": 0.004545454545454547,
          "ci_95_half_width": 0.008909090909090912,
          "n_eval_runs": 4,
          "eval_scores": [
            0.7818181818181819,
            0.7818181818181819,
            0.8,
            0.7818181818181819
          ]
        },
        "4": {
          "mean_major_equiv_per_unit": 0.8909090909090909,
          "eval_run_sd": 0.09958591954639384,
          "eval_noise_se": 0.04979295977319692,
          "ci_95_half_width": 0.09759420115546596,
          "n_eval_runs": 4,
          "eval_scores": [
            0.9272727272727274,
            0.7636363636363637,
            0.8727272727272727,
            1.0
          ]
        },
        "5": {
          "mean_major_equiv_per_unit": 0.8681818181818182,