{
  "backend": {
    "dataset_name": "ivan-vas",
    "evaluation_model": "gpt-5.4-mini",
    "evaluated_translation_model": "gpt-5.2"
  },
  "requested_eval_runs_per_translation": 4,
  "num_methods": 2,
  "total_successful_eval_runs": 68,
  "per_method": {
    "list-analysis-lang": {
      "num_translations": 11,
      "eval_runs_per_translation": 4,
      "observed_eval_runs_per_translation": [
        4
      ],
      "mean_major_equiv_per_unit": 0.6615702479338843,
      "translation_sd": 0.10627742497517462,
      "se_method": 0.032043849302527294,
      "ci_95_half_width": 0.0628059446329535,
      "ci_95_lower": 0.5987643033009308,
      "ci_95_upper": 0.7243761925668378,
      "pooled_eval_run_sd": 0.14238320726474119,
      "avg_eval_noise": 0.07119160363237059,
      "translation_means": [
        0.5545454545454546,
        0.6045454545454545,
        0.55,
        0.6181818181818182,
        0.6454545454545455,
        0.6454545454545454,
        0.6136363636363636,
        0.75,
        0.7954545454545455,
        0.6090909090909091,
        0.8909090909090909
      ],
      "per_translation": {
        "1": {
          "mean_major_equiv_per_unit": 0.5545454545454546,
          "eval_run_sd": 0.11922615498730908,
          "eval_noise_se": 0.05961307749365454,
          "ci_95_half_width": 0.1168416318875629,
          "n_eval_runs": 4,
          "eval_scores": [
            0.4545454545454546,
            0.6909090909090909,
            0.4545454545454546,
            0.6181818181818182
          ]
        },
        "2": {
          "mean_major_equiv_per_unit": 0.6045454545454545,
          "eval_run_sd": 0.08703882797784893,
          "eval_noise_se": 0.04351941398892446,
          "ci_95_half_width": 0.08529805141829194,
          "n_eval_runs": 4,
          "eval_scores": [
            0.5272727272727272,
            0.6,
            0.5636363636363637,
            0.7272727272727273
          ]
        },
        "3": {
          "mean_major_equiv_per_unit": 0.55,
          "eval_run_sd": 0.2069721371700507,
          "eval_noise_se": 0.10348606858502535,
          "ci_95_half_width": 0.20283269442664967,
          "n_eval_runs": 4,
          "eval_scores": [
            0.5818181818181818,
            0.4727272727272728,
            0.8181818181818181,
            0.32727272727272727
          ]
        },
        "4": {
          "mean_major_equiv_per_unit": 0.6181818181818182,
          "eval_run_sd": 0.07713892158398702,
          "eval_noise_se": 0.03856946079199351,
          "ci_95_half_width": 0.07559614315230728,
          "n_eval_runs": 4,
          "eval_scores": [
            0.5272727272727272,
            0.6909090909090909,
            0.5818181818181818,
            0.6727272727272727
          ]
        },
        "5": {
          "mean_major_equiv_per_unit": 0.6454545454545455,
          "eval_run_sd": 0.18807418968706552,
          "eval_noise_se": 0.09403709484353276,
          "ci_95_half_width": 0.1843127058933242,
          "n_eval_runs": 4,
          "eval_scores": [
            0.9272727272727274,
            0.5454545454545454,
            0.5636363636363637,
            0.5454545454545454
          ]
        },
        "6": {
          "mean_major_equiv_per_unit": 0.6454545454545454,
          "eval_run_sd": 0.07041787902195301,
          "eval_noise_se": 0.035208939510976506,
          "ci_95_half_width": 0.06900952144151395,
          "n_eval_runs": 4,
          "eval_scores": [
            0.6363636363636364,
            0.7454545454545454,
            0.6181818181818182,
            0.5818181818181818
          ]
        },
        "7": {
          "mean_major_equiv_per_unit": 0.6136363636363636,
          "eval_run_sd": 0.12003213527477788,
          "eval_noise_se": 0.06001606763738894,
          "ci_95_half_width": 0.11763149256928232,
          "n_eval_runs": 4,
          "eval_scores": [
            0.7454545454545454,
            0.4727272727272728,
            0.5636363636363637,
            0.6727272727272727
          ]
        },
        "8": {
          "mean_major_equiv_per_unit": 0.75,
          "eval_run_sd": 0.0500688231571464,
          "eval_noise_se": 0.0250344115785732,
          "ci_95_half_width": 0.049067446694003466,
          "n_eval_runs": 4,
          "eval_scores": [
            0.8,
            0.7272727272727273,
            0.6909090909090909,
            0.7818181818181819
          ]
        },
        "9": {
          "mean_major_equiv_per_unit": 0.7954545454545455,
          "eval_run_sd": 0.1566698903601281,
          "eval_noise_se": 0.07833494518006405,
          "ci_95_half_width": 0.15353649255292554,
          "n_eval_runs": 4,
          "eval_scores": [
            0.6181818181818182,
            0.9272727272727274,
            0.9272727272727274,
            0.7090909090909091
          ]
        },
        "10": {
          "mean_major_equiv_per_unit": 0.6090909090909091,
          "eval_run_sd": 0.07925270806437588,
          "eval_noise_se": 0.03962635403218794,
          "ci_95_half_width": 0.07766765390308837,
          "n_eval_runs": 4,
          "eval_scores": [
            0.6545454545454545,
            0.6363636363636364,
            0.4909090909090909,
            0.6545454545454545
          ]
        },
        "11": {
          "mean_major_equiv_per_unit": 0.8909090909090909,
          "eval_run_sd": 0.253678176199471,
          "eval_noise_se": 0.1268390880997355,
          "ci_95_half_width": 0.24860461267548156,
          "n_eval_runs": 4,
          "eval_scores": [
            0.6,
            1.2181818181818183,
            0.8545454545454545,
            0.8909090909090909
          ]
        }
      }
    },
    "zero-lang": {
      "num_translations": 6,
      "eval_runs_per_translation": 4,
      "observed_eval_runs_per_translation": [
        4
      ],
      "mean_major_equiv_per_unit": 0.9136363636363636,
      "translation_sd": 0.159467087720682,
      "se_method": 0.0651021659472193,
      "ci_95_half_width": 0.12760024525654984,
      "ci_95_lower": 0.7860361183798137,
      "ci_95_upper": 1.0412366088929135,
      "pooled_eval_run_sd": 0.16882894881435292,
      "avg_eval_noise": 0.08441447440717646,
      "translation_means": [
        0.9227272727272727,
        0.7000000000000001,
        1.1863636363636363,
        0.8863636363636365,
        0.8409090909090908,
        0.9454545454545454
      ],
      "per_translation": {
        "1": {
          "mean_major_equiv_per_unit": 0.9227272727272727,
          "eval_run_sd": 0.2825991135038608,
          "eval_noise_se": 0.1412995567519304,
          "ci_95_half_width": 0.27694713123378356,
          "n_eval_runs": 4,
          "eval_scores": [
            0.9454545454545455,
            0.9272727272727274,
            1.2545454545454544,
            0.5636363636363637
          ]
        },
        "2": {
          "mean_major_equiv_per_unit": 0.7000000000000001,
          "eval_run_sd": 0.10444659357341869,
          "eval_noise_se": 0.052223296786709346,
          "ci_95_half_width": 0.10235766170195032,
          "n_eval_runs": 4,
          "eval_scores": [
            0.7818181818181819,
            0.6727272727272727,
            0.5636363636363637,
            0.7818181818181819
          ]
        },
        "3": {
          "mean_major_equiv_per_unit": 1.1863636363636363,
          "eval_run_sd": 0.17775768940681774,
          "eval_noise_se": 0.08887884470340887,
          "ci_95_half_width": 0.17420253561868138,
          "n_eval_runs": 4,
          "eval_scores": [
            1.1272727272727274,
            1.4363636363636363,
            1.1636363636363636,
            1.018181818181818
          ]
        },
        "4": {
          "mean_major_equiv_per_unit": 0.8863636363636365,
          "eval_run_sd": 0.19771421064483224,
          "eval_noise_se": 0.09885710532241612,
          "ci_95_half_width": 0.1937599264319356,
          "n_eval_runs": 4,