{
  "backend": {
    "dataset_name": "ivan-vas",
    "evaluation_model": "gpt-5.4-mini",
    "evaluated_translation_model": "gpt-5.2"
  },
  "requested_eval_runs_per_translation": 4,
  "num_methods": 1,
  "total_successful_eval_runs": 48,
  "per_method": {
    "list-analysis": {
      "num_translations": 12,
      "eval_runs_per_translation": 4,
      "observed_eval_runs_per_translation": [
        4
      ],
      "mean_major_equiv_per_unit": 0.6715909090909091,
      "translation_sd": 0.09511203801099816,
      "se_method": 0.027456480374411854,
      "ci_95_half_width": 0.05381470153384723,
      "ci_95_lower": 0.6177762075570619,
      "ci_95_upper": 0.7254056106247564,
      "pooled_eval_run_sd": 0.12101309417724505,
      "avg_eval_noise": 0.06050654708862253,
      "translation_means": [
        0.5272727272727272,
        0.6818181818181818,
        0.6545454545454545,
        0.6545454545454545,
        0.5227272727272727,
        0.7545454545454545,
        0.6909090909090909,
        0.6454545454545455,
        0.8318181818181818,
        0.7045454545454546,
        0.7954545454545454,
        0.5954545454545455
      ],
      "per_translation": {
        "6": {
          "mean_major_equiv_per_unit": 0.5272727272727272,
          "eval_run_sd": 0.05749595745760687,
          "eval_noise_se": 0.028747978728803435,
          "ci_95_half_width": 0.05634603830845473,
          "n_eval_runs": 4,
          "eval_scores": [
            0.4727272727272728,
            0.5454545454545454,
            0.6,
            0.4909090909090909
          ]
        },
        "7": {
          "mean_major_equiv_per_unit": 0.6818181818181818,
          "eval_run_sd": 0.1115875917546786,
          "eval_noise_se": 0.0557937958773393,
          "ci_95_half_width": 0.10935583991958503,
          "n_eval_runs": 4,
          "eval_scores": [
            0.8181818181818181,
            0.6,
            0.7272727272727273,
            0.5818181818181818
          ]
        },
        "8": {
          "mean_major_equiv_per_unit": 0.6545454545454545,
          "eval_run_sd": 0.1506642775109825,
          "eval_noise_se": 0.07533213875549125,
          "ci_95_half_width": 0.14765099196076284,
          "n_eval_runs": 4,
          "eval_scores": [
            0.6909090909090909,
            0.7818181818181819,
            0.43636363636363634,
            0.7090909090909091
          ]
        },
        "9": {
          "mean_major_equiv_per_unit": 0.6545454545454545,
          "eval_run_sd": 0.1302677894557859,
          "eval_noise_se": 0.06513389472789295,
          "ci_95_half_width": 0.12766243366667018,
          "n_eval_runs": 4,
          "eval_scores": [
            0.6727272727272727,
            0.4727272727272728,
            0.6909090909090909,
            0.7818181818181819
          ]
        },
        "10": {
          "mean_major_equiv_per_unit": 0.5227272727272727,
          "eval_run_sd": 0.06863485850246136,
          "eval_noise_se": 0.03431742925123068,
          "ci_95_half_width": 0.06726216133241213,
          "n_eval_runs": 4,
          "eval_scores": [
            0.6,
            0.43636363636363634,
            0.509090909090909,
            0.5454545454545454
          ]
        },
        "11": {
          "mean_major_equiv_per_unit": 0.7545454545454545,
          "eval_run_sd": 0.1602339886836641,
          "eval_noise_se": 0.08011699434183205,
          "ci_95_half_width": 0.1570293089099908,
          "n_eval_runs": 4,
          "eval_scores": [
            0.9272727272727274,
            0.6181818181818182,
            0.8545454545454545,
            0.6181818181818182
          ]
        },
        "13": {
          "mean_major_equiv_per_unit": 0.6909090909090909,
          "eval_run_sd": 0.128564869306645,
          "eval_noise_se": 0.0642824346533225,
          "ci_95_half_width": 0.1259935719205121,
          "n_eval_runs": 4,
          "eval_scores": [
            0.6727272727272727,
            0.5272727272727272,
            0.7272727272727273,
            0.8363636363636363
          ]
        },
        "14": {
          "mean_major_equiv_per_unit": 0.6454545454545455,
          "eval_run_sd": 0.09447549859466603,
          "eval_noise_se": 0.047237749297333015,
          "ci_95_half_width": 0.0925859886227727,
          "n_eval_runs": 4,
          "eval_scores": [
            0.5636363636363637,
            0.7818181818181819,
            0.6181818181818182,
            0.6181818181818182
          ]
        },
        "15": {
          "mean_major_equiv_per_unit": 0.8318181818181818,
          "eval_run_sd": 0.15737166269816705,
          "eval_noise_se": 0.07868583134908352,
          "ci_95_half_width": 0.1542242294442037,
          "n_eval_runs": 4,
          "eval_scores": [
            0.8909090909090909,
            1.018181818181818,
            0.7636363636363637,
            0.6545454545454545
          ]
        },
        "16": {
          "mean_major_equiv_per_unit": 0.7045454545454546,
          "eval_run_sd": 0.14345212580054092,
          "eval_noise_se": 0.07172606290027046,
          "ci_95_half_width": 0.1405830832845301,
          "n_eval_runs": 4,
          "eval_scores": [
            0.5454545454545454,
            0.6363636363636364,
            0.7636363636363637,
            0.8727272727272727
          ]
        },
        "17": {
          "mean_major_equiv_per_unit": 0.7954545454545454,
          "eval_run_sd": 0.11047106747611019,
          "eval_noise_se": 0.05523553373805509,
          "ci_95_half_width": 0.10826164612658798,
          "n_eval_runs": 4,
          "eval_scores": [
            0.8909090909090909,
            0.7090909090909091,
            0.6909090909090909,
            0.8909090909090909
          ]
        },
        "18": {
          "mean_major_equiv_per_unit": 0.5954545454545455,
          "eval_run_sd": 0.08315407717583174,
          "eval_noise_se": 0.04157703858791587,
          "ci_95_half_width": 0.08149099563231511,
          "n_eval_runs": 4,
          "eval_scores": [
            0.6363636363636364,
            0.6545454545454545,
            0.4727272727272728,
            0.6181818181818182
          ]
        }
      }
    }
  },
  "ranking": [
    {
      "method": "list-analysis",
      "num_translations": 12,
      "eval_runs_per_translation": 4,
      "mean_major_equiv_per_unit": 0.6715909090909091,
      "ci_95_half_width": 0.05381470153384723,
      "translation_sd": 0.09511203801099816,
      "pooled_eval_run_sd": 0.12101309417724505,
      "avg_eval_noise": 0.06050654708862253
    }
  ],
  "usage": {
    "total_input_tokens": 149444,
    "total_output_tokens": 35822,
    "total_cost_usd": 0.273282
  }
}