{
  "backend": {
    "dataset_name": "ivan-vas",
    "evaluation_model": "gpt-5.4-mini",
    "evaluated_translation_model": "gpt-5.2"
  },
  "requested_eval_runs_per_translation": 4,
  "num_methods": 1,
  "total_successful_eval_runs": 60,
  "per_method": {
    "zero-lang": {
      "num_translations": 15,
      "eval_runs_per_translation": 4,
      "observed_eval_runs_per_translation": [
        4
      ],
      "mean_major_equiv_per_unit": 0.936969696969697,
      "translation_sd": 0.158941178766715,
      "se_method": 0.04103843589267087,
      "ci_95_half_width": 0.08043533434963492,
      "ci_95_lower": 0.8565343626200621,
      "ci_95_upper": 1.017405031319332,
      "pooled_eval_run_sd": 0.12143918126978108,
      "avg_eval_noise": 0.06071959063489054,
      "translation_means": [
        0.8590909090909091,
        0.6590909090909092,
        1.2181818181818183,
        0.8136363636363636,
        0.8227272727272726,
        0.9818181818181819,
        0.8227272727272728,
        1.2136363636363636,
        1.0,
        0.7863636363636364,
        1.0681818181818183,
        0.9818181818181819,
        0.9090909090909091,
        0.85,
        1.0681818181818181
      ],
      "per_translation": {
        "1": {
          "mean_major_equiv_per_unit": 0.8590909090909091,
          "eval_run_sd": 0.14498028744128102,
          "eval_noise_se": 0.07249014372064051,
          "ci_95_half_width": 0.1420806816924554,
          "n_eval_runs": 4,
          "eval_scores": [
            0.9090909090909092,
            1.018181818181818,
            0.6727272727272727,
            0.8363636363636363
          ]
        },
        "2": {
          "mean_major_equiv_per_unit": 0.6590909090909092,
          "eval_run_sd": 0.10431463320035458,
          "eval_noise_se": 0.05215731660017729,
          "ci_95_half_width": 0.1022283405363475,
          "n_eval_runs": 4,
          "eval_scores": [
            0.7090909090909091,
            0.7818181818181819,
            0.5636363636363637,
            0.5818181818181818
          ]
        },
        "3": {
          "mean_major_equiv_per_unit": 1.2181818181818183,
          "eval_run_sd": 0.1632993161855452,
          "eval_noise_se": 0.0816496580927726,
          "ci_95_half_width": 0.16003332986183427,
          "n_eval_runs": 4,
          "eval_scores": [
            1.4,
            1.309090909090909,
            1.0545454545454545,
            1.1090909090909091
          ]
        },
        "4": {
          "mean_major_equiv_per_unit": 0.8136363636363636,
          "eval_run_sd": 0.10325287901455046,
          "eval_noise_se": 0.05162643950727523,
          "ci_95_half_width": 0.10118782143425946,
          "n_eval_runs": 4,
          "eval_scores": [
            0.9272727272727274,
            0.7090909090909091,
            0.8727272727272727,
            0.7454545454545454
          ]
        },
        "5": {
          "mean_major_equiv_per_unit": 0.8227272727272726,
          "eval_run_sd": 0.13797033257978433,
          "eval_noise_se": 0.06898516628989217,
          "ci_95_half_width": 0.13521092592818865,
          "n_eval_runs": 4,
          "eval_scores": [
            1.018181818181818,
            0.8181818181818181,
            0.7454545454545454,
            0.7090909090909091
          ]
        },
        "6": {
          "mean_major_equiv_per_unit": 0.9818181818181819,
          "eval_run_sd": 0.13846860192479837,
          "eval_noise_se": 0.06923430096239919,
          "ci_95_half_width": 0.1356992298863024,
          "n_eval_runs": 4,
          "eval_scores": [
            0.8,
            1.0363636363636364,
            0.9636363636363636,
            1.1272727272727274
          ]
        },
        "7": {
          "mean_major_equiv_per_unit": 0.8227272727272728,
          "eval_run_sd": 0.04031555968378805,
          "eval_noise_se": 0.020157779841894024,
          "ci_95_half_width": 0.03950924849011229,
          "n_eval_runs": 4,
          "eval_scores": [
            0.8363636363636363,
            0.8,
            0.7818181818181819,
            0.8727272727272727
          ]
        },
        "8": {
          "mean_major_equiv_per_unit": 1.2136363636363636,
          "eval_run_sd": 0.12364973189759498,
          "eval_noise_se": 0.06182486594879749,
          "ci_95_half_width": 0.12117673725964308,
          "n_eval_runs": 4,
          "eval_scores": [
            1.3818181818181818,
            1.2181818181818183,
            1.1636363636363636,
            1.0909090909090908
          ]
        },
        "9": {
          "mean_major_equiv_per_unit": 1.0,
          "eval_run_sd": 0.1060173071790055,
          "eval_noise_se": 0.05300865358950275,
          "ci_95_half_width": 0.10389696103542538,
          "n_eval_runs": 4,
          "eval_scores": [
            1.1454545454545455,
            0.9818181818181818,
            0.9818181818181818,
            0.8909090909090909
          ]
        },
        "10": {
          "mean_major_equiv_per_unit": 0.7863636363636364,
          "eval_run_sd": 0.13636363636363635,
          "eval_noise_se": 0.06818181818181818,
          "ci_95_half_width": 0.13363636363636364,
          "n_eval_runs": 4,
          "eval_scores": [
            0.6545454545454545,
            0.7090909090909091,
            0.9636363636363636,
            0.8181818181818181
          ]
        },
        "11": {
          "mean_major_equiv_per_unit": 1.0681818181818183,
          "eval_run_sd": 0.10640636282472389,
          "eval_noise_se": 0.053203181412361945,
          "ci_95_half_width": 0.1042782355682294,
          "n_eval_runs": 4,
          "eval_scores": [
            1.1272727272727274,
            1.018181818181818,
            1.1818181818181819,
            0.9454545454545455
          ]
        },
        "12": {
          "mean_major_equiv_per_unit": 0.9818181818181819,
          "eval_run_sd": 0.11009637651263612,
          "eval_noise_se": 0.05504818825631806,
          "ci_95_half_width": 0.1078944489823834,
          "n_eval_runs": 4,
          "eval_scores": [
            0.8727272727272727,
            1.0,
            0.9272727272727274,
            1.1272727272727274
          ]
        },
        "13": {
          "mean_major_equiv_per_unit": 0.9090909090909091,
          "eval_run_sd": 0.12596733145955466,
          "eval_noise_se": 0.06298366572977733,
          "ci_95_half_width": 0.12344798483036357,
          "n_eval_runs": 4,
          "eval_scores": [
            0.8727272727272727,
            0.8,
            1.0909090909090908,
            0.8727272727272727
          ]
        },
        "14": {
          "mean_major_equiv_per_unit": 0.85,
          "eval_run_sd": 0.097771307908495,
          "eval_noise_se": 0.0488856539542475,
          "ci_95_half_width": 0.0958158817503251,
          "n_eval_runs": 4,
          "eval_scores": [
            0.8363636363636363,
            0.7272727272727273,
            0.9636363636363636,
            0.8727272727272727
          ]
        },
        "15": {
          "mean_major_equiv_per_unit": 1.0681818181818181,
          "eval_run_sd": 0.13473778227524677,
          "eval_noise_se": 0.06736889113762339,
          "ci_95_half_width": 0.13204302662974182,
          "n_eval_runs": 4,
          "eval_scores": [
            1.2181818181818183,
            1.0909090909090908,
            1.0727272727272728,
            0.8909090909090909
          ]
        }
      }
    }
  },
  "ranking": [
    {
      "method": "zero-lang",
      "num_translations": 15,
      "eval_runs_per_translation": 4,
      "mean_major_equiv_per_unit": 0.936969696969697,
      "ci_95_half_width": 0.08043533434963492,
      "translation_sd": 0.158941178766715,
      "pooled_eval_run_sd": 0.12143918126978108,
      "avg_eval_noise": 0.06071959063489054
    }
  ],
  "usage": {
    "total_input_tokens": 186172,
    "total_output_tokens": 48453,
    "total_cost_usd": 0.357667
  }
}