{
  "methods": [
    {
      "method": "list-analysis",
      "num_translations": 12,
      "eval_runs_per_translation": 4,
      "mean_major_equiv_per_unit": 0.6715909090909091,
      "ci_95_half_width": 0.05381470153384723,
      "translation_sd": 0.09511203801099816,
      "pooled_eval_run_sd": 0.12101309417724505,
      "avg_eval_noise": 0.06050654708862253
    }
  ]
}