{
  "methods": [
    {
      "method": "list-analysis-lang",
      "num_translations": 14,
      "eval_runs_per_translation": 4,
      "mean_major_equiv_per_unit": 0.6564935064935065,
      "ci_95_half_width": 0.05014336724916419,
      "translation_sd": 0.09572413289058863,
      "pooled_eval_run_sd": 0.1464253318384977,
      "avg_eval_noise": 0.07321266591924885
    },
    {
      "method": "zero-lang",
      "num_translations": 10,
      "eval_runs_per_translation": 4,
      "mean_major_equiv_per_unit": 0.9122727272727272,
      "ci_95_half_width": 0.10338683427930118,
      "translation_sd": 0.16680503897804314,
      "pooled_eval_run_sd": 0.12330392025118786,
      "avg_eval_noise": 0.06165196012559393
    }
  ]
}