{
  "methods": [
    {
      "method": "zero-lang",
      "num_translations": 15,
      "eval_runs_per_translation": 4,
      "mean_major_equiv_per_unit": 0.936969696969697,
      "ci_95_half_width": 0.08043533434963492,
      "translation_sd": 0.158941178766715,
      "pooled_eval_run_sd": 0.12143918126978108,
      "avg_eval_noise": 0.06071959063489054
    }
  ]
}