{
  "methods": [
    {
      "method": "list-analysis-lang",
      "num_translations": 11,
      "eval_runs_per_translation": 4,
      "mean_major_equiv_per_unit": 0.6615702479338843,
      "ci_95_half_width": 0.0628059446329535,
      "translation_sd": 0.10627742497517462,
      "pooled_eval_run_sd": 0.14238320726474119,
      "avg_eval_noise": 0.07119160363237059
    },
    {
      "method": "zero-lang",
      "num_translations": 6,
      "eval_runs_per_translation": 4,
      "mean_major_equiv_per_unit": 0.9136363636363636,
      "ci_95_half_width": 0.12760024525654984,
      "translation_sd": 0.159467087720682,
      "pooled_eval_run_sd": 0.16882894881435292,
      "avg_eval_noise": 0.08441447440717646
    }
  ]
}