{
  "num_translations": 3,
  "eval_runs_per_translation": 15,
  "per_translation_mean_penalty": [
    2.006060606060606,
    3.066666666666667,
    1.8
  ],
  "per_translation_mean_major_equiv": [
    0.4012121212121212,
    0.6133333333333333,
    0.36
  ],
  "penalty_per_unit": {
    "mean": 2.290909090909091,
    "median": 2.006060606060606,
    "std": 0.6796801494831738,
    "ci_95": 0.7691304938432327
  },
  "major_errors_per_unit": {
    "mean": 0.45818181818181813,
    "median": 0.4012121212121212,
    "std": 0.1359360298966347,
    "ci_95": 0.1538260987686465
  },
  "usage": {
    "total_input_tokens": 2722290,
    "total_output_tokens": 86572,
    "total_cost_usd": 5.976016
  },
  "interpretation": "Average MQM penalty per meaning unit: 2.29 (STD: 0.68, 95% CI: ±0.77). Major-equivalent errors per unit: 0.46 (STD: 0.14, 95% CI: ±0.15). (Weights: minor=1, major=5, critical=10)"
}