{
  "num_methods": 10,
  "total_eval_runs": 47,
  "backend": {
    "evaluation_model": "gpt-5-mini",
    "evaluated_translation_model": "gpt-5.2"
  },
  "major_equiv_per_unit": {
    "mean": 0.49348484848484847,
    "ci_95_lower": 0.39212475058644025,
    "ci_95_upper": 0.5948449463832567,
    "ci_95_half_width": 0.1013600978984082,
    "se_method": 0.05171433566245317,
    "method_sd": 0.1635350883758246,
    "run_sd": 0.23403365678794447
  },
  "per_method": {
    "characters": {
      "mean_major_equiv_per_unit": 0.5272727272727272,
      "run_sd": 0.06120912083855805,
      "se_mean": 0.030604560419279024,
      "ci_95_half_width": 0.059984938421786885,
      "n_runs": 4,
      "run_scores": [
        0.6181818181818182,
        0.4909090909090909,
        0.4909090909090909,
        0.509090909090909
      ]
    },
    "examples": {
      "mean_major_equiv_per_unit": 0.5772727272727273,
      "run_sd": 0.12629494535863459,
      "se_mean": 0.06314747267931729,
      "ci_95_half_width": 0.12376904645146189,
      "n_runs": 4,
      "run_scores": [
        0.6363636363636364,
        0.5818181818181818,
        0.6909090909090909,
        0.4
      ]
    },
    "given": {
      "mean_major_equiv_per_unit": 0.11818181818181818,
      "run_sd": 0.034815531191139566,
      "se_mean": 0.017407765595569783,
      "ci_95_half_width": 0.034119220567316776,
      "n_runs": 4,
      "run_scores": [
        0.14545454545454545,
        0.10909090909090909,
        0.07272727272727272,
        0.14545454545454545
      ]
    },
    "intertext": {
      "mean_major_equiv_per_unit": 0.5272727272727273,
      "run_sd": 0.07422696190252051,
      "se_mean": 0.037113480951260255,
      "ci_95_half_width": 0.0727424226644701,
      "n_runs": 4,
      "run_scores": [
        0.4727272727272728,
        0.4545454545454546,
        0.6,
        0.5818181818181818
      ]
    },
    "list": {
      "mean_major_equiv_per_unit": 0.40909090909090906,
      "run_sd": 0.10008261050562095,
      "se_mean": 0.04085855464408041,
      "ci_95_half_width": 0.0800827671023976,
      "n_runs": 6,
      "run_scores": [
        0.509090909090909,
        0.4,
        0.4,
        0.2363636363636364,
        0.4,
        0.509090909090909
      ]
    },
    "list-analysis": {
      "mean_major_equiv_per_unit": 0.4303030303030303,
      "run_sd": 0.19958634909181955,
      "se_mean": 0.06652878303060651,
      "ci_95_half_width": 0.13039641473998875,
      "n_runs": 9,
      "run_scores": [
        0.12727272727272726,
        0.2545454545454545,
        0.32727272727272727,
        0.2909090909090909,
        0.509090909090909,
        0.4545454545454546,
        0.4909090909090909,
        0.7090909090909091,
        0.7090909090909091
      ]
    },
    "narratives": {
      "mean_major_equiv_per_unit": 0.5863636363636363,
      "run_sd": 0.10431463320035458,
      "se_mean": 0.05215731660017729,
      "ci_95_half_width": 0.1022283405363475,
      "n_runs": 4,
      "run_scores": [
        0.6,
        0.6727272727272727,
        0.43636363636363634,
        0.6363636363636364
      ]
    },
    "schema-list": {
      "mean_major_equiv_per_unit": 0.509090909090909,
      "run_sd": 0.371728150913834,
      "se_mean": 0.185864075456917,
      "ci_95_half_width": 0.3642935878955573,
      "n_runs": 4,
      "run_scores": [
        0.38181818181818183,
        1.0545454545454545,
        0.21818181818181817,
        0.38181818181818183
      ]
    },
    "summary": {
      "mean_major_equiv_per_unit": 0.49090909090909085,
      "run_sd": 0.03636363636363635,
      "se_mean": 0.018181818181818174,
      "ci_95_half_width": 0.03563636363636362,
      "n_runs": 4,
      "run_scores": [
        0.509090909090909,
        0.509090909090909,
        0.43636363636363634,
        0.509090909090909
      ]
    },
    "zero": {
      "mean_major_equiv_per_unit": 0.759090909090909,
      "run_sd": 0.4576560234637715,
      "se_mean": 0.22882801173188574,
      "ci_95_half_width": 0.4485029029944961,
      "n_runs": 4,
      "run_scores": [
        0.5454545454545454,
        1.4363636363636363,
        0.43636363636363634,
        0.6181818181818182
      ]
    }
  },
  "ranking": [
    {
      "method": "given",
      "mean_major_equiv_per_unit": 0.11818181818181818,
      "ci_95_half_width": 0.034119220567316776,
      "n_runs": 4
    },
    {
      "method": "list",
      "mean_major_equiv_per_unit": 0.40909090909090906,
      "ci_95_half_width": 0.0800827671023976,
      "n_runs": 6
    },
    {
      "method": "list-analysis",
      "mean_major_equiv_per_unit": 0.4303030303030303,
      "ci_95_half_width": 0.13039641473998875,
      "n_runs": 9
    },
    {
      "method": "summary",
      "mean_major_equiv_per_unit": 0.49090909090909085,
      "ci_95_half_width": 0.03563636363636362,
      "n_runs": 4
    },
    {
      "method": "schema-list",
      "mean_major_equiv_per_unit": 0.509090909090909,
      "ci_95_half_width": 0.3642935878955573,
      "n_runs": 4
    },
    {
      "method": "characters",
      "mean_major_equiv_per_unit": 0.5272727272727272,
      "ci_95_half_width": 0.059984938421786885,
      "n_runs": 4
    },
    {
      "method": "intertext",
      "mean_major_equiv_per_unit": 0.5272727272727273,
      "ci_95_half_width": 0.0727424226644701,
      "n_runs": 4
    },
    {
      "method": "examples",
      "mean_major_equiv_per_unit": 0.5772727272727273,
      "ci_95_half_width": 0.12376904645146189,
      "n_runs": 4
    },
    {
      "method": "narratives",
      "mean_major_equiv_per_unit": 0.5863636363636363,
      "ci_95_half_width": 0.1022283405363475,
      "n_runs": 4
    },
    {
      "method": "zero",
      "mean_major_equiv_per_unit": 0.759090909090909,
      "ci_95_half_width": 0.4485029029944961,
      "n_runs": 4
    }
  ],
  "usage": {
    "total_input_tokens": 127472,
    "total_output_tokens": 182189,
    "total_cost_usd": 0.396246
  }
}