{
  "methods": [
    {
      "method": "noise",
      "num_translations": 7,
      "eval_runs_per_translation": 2,
      "mean_major_equiv_per_unit": 0.10496894409937887,
      "ci_95_half_width": 0.018260869565217393,
      "translation_sd": 0.024649856935384386,
      "pooled_eval_run_sd": 0.0203931119992323,
      "avg_eval_noise": 0.01442010778415391
    }
  ]
}