{
  "methods": [
    {
      "method": "intertext",
      "num_translations": 4,
      "eval_runs_per_translation": 3,
      "mean_major_equiv_per_unit": 0.10072463768115941,
      "ci_95_half_width": 0.005856005091456963,
      "translation_sd": 0.005975515399445881,
      "pooled_eval_run_sd": 0.018616279099514677,
      "avg_eval_noise": 0.010748113749414003
    }
  ]
}