{
  "num_translations": 8,
  "eval_runs_per_translation": 4,
  "per_translation_mean_penalty": [
    4.5227272727272725,
    4.204545454545454,
    4.636363636363637,
    5.181818181818182,
    5.113636363636363,
    4.386363636363636,
    4.454545454545454,
    4.340909090909091
  ],
  "per_translation_mean_major_equiv": [
    0.9045454545454545,
    0.8409090909090909,
    0.9272727272727272,
    1.0363636363636364,
    1.0227272727272727,
    0.8772727272727272,
    0.8909090909090909,
    0.8681818181818182
  ],
  "penalty_per_unit": {
    "mean": 4.605113636363636,
    "median": 4.488636363636363,
    "std": 0.35851455884246475,
    "ci_95": 0.2484379141973781
  },
  "major_errors_per_unit": {
    "mean": 0.9210227272727273,
    "median": 0.8977272727272727,
    "std": 0.07170291176849294,
    "ci_95": 0.049687582839475615
  },
  "interpretation": "Average MQM penalty per meaning unit: 4.61 (≈ 0.92 major errors per unit; weights: minor=1, major=5, critical=10)"
}