{
  "backend": {
    "dataset_name": "diamond-arm",
    "evaluation_model": "gpt-5-mini",
    "evaluated_translation_model": "gpt-5.4-mini"
  },
  "requested_eval_runs_per_translation": 4,
  "num_methods": 5,
  "total_successful_eval_runs": 124,
  "per_method": {
    "examples": {
      "num_translations": 4,
      "eval_runs_per_translation": 4,
      "observed_eval_runs_per_translation": [
        4
      ],
      "mean_major_equiv_per_unit": 0.10326086956521738,
      "translation_sd": 0.017071331868680793,
      "se_method": 0.008535665934340396,
      "ci_95_half_width": 0.016729905231307178,
      "ci_95_lower": 0.08653096433391019,
      "ci_95_upper": 0.11999077479652456,
      "pooled_eval_run_sd": 0.016556028491008495,
      "avg_eval_noise": 0.008278014245504247,
      "translation_means": [
        0.08043478260869565,
        0.11521739130434783,
        0.09999999999999999,
        0.11739130434782608
      ],
      "per_translation": {
        "1": {
          "mean_major_equiv_per_unit": 0.08043478260869565,
          "eval_run_sd": 0.021739130434782608,
          "eval_noise_se": 0.010869565217391304,
          "ci_95_half_width": 0.021304347826086957,
          "n_eval_runs": 4,
          "eval_scores": [
            0.08695652173913043,
            0.05217391304347826,
            0.10434782608695652,
            0.0782608695652174
          ]
        },
        "2": {
          "mean_major_equiv_per_unit": 0.11521739130434783,
          "eval_run_sd": 0.017926546198337653,
          "eval_noise_se": 0.008963273099168827,
          "ci_95_half_width": 0.0175680152743709,
          "n_eval_runs": 4,
          "eval_scores": [
            0.13043478260869565,
            0.13043478260869565,
            0.10434782608695652,
            0.09565217391304348
          ]
        },
        "3": {
          "mean_major_equiv_per_unit": 0.09999999999999999,
          "eval_run_sd": 0.015061311370164143,
          "eval_noise_se": 0.007530655685082072,
          "ci_95_half_width": 0.01476008514276086,
          "n_eval_runs": 4,
          "eval_scores": [
            0.08695652173913043,
            0.11304347826086955,
            0.11304347826086955,
            0.08695652173913043
          ]
        },
        "4": {
          "mean_major_equiv_per_unit": 0.11739130434782608,
          "eval_run_sd": 0.008695652173913049,
          "eval_noise_se": 0.004347826086956524,
          "ci_95_half_width": 0.008521739130434788,
          "n_eval_runs": 4,
          "eval_scores": [
            0.11304347826086955,
            0.13043478260869565,
            0.11304347826086955,
            0.11304347826086955
          ]
        }
      }
    },
    "given": {
      "num_translations": 9,
      "eval_runs_per_translation": 4,
      "observed_eval_runs_per_translation": [
        4
      ],
      "mean_major_equiv_per_unit": 0.0536231884057971,
      "translation_sd": 0.016484511834894675,
      "se_method": 0.0054948372782982246,
      "ci_95_half_width": 0.01076988106546452,
      "ci_95_lower": 0.04285330734033258,
      "ci_95_upper": 0.06439306947126162,
      "pooled_eval_run_sd": 0.011350087076783316,
      "avg_eval_noise": 0.005675043538391658,
      "translation_means": [
        0.034782608695652174,
        0.07173913043478261,
        0.08695652173913043,
        0.052173913043478265,
        0.03695652173913044,
        0.05434782608695652,
        0.04565217391304348,
        0.04782608695652174,
        0.05217391304347826
      ],
      "per_translation": {
        "1": {
          "mean_major_equiv_per_unit": 0.034782608695652174,
          "eval_run_sd": 0.012297509238026912,
          "eval_noise_se": 0.006148754619013456,
          "ci_95_half_width": 0.012051559053266374,
          "n_eval_runs": 4,
          "eval_scores": [
            0.02608695652173913,
            0.05217391304347826,
            0.034782608695652174,
            0.02608695652173913
          ]
        },
        "2": {
          "mean_major_equiv_per_unit": 0.07173913043478261,
          "eval_run_sd": 0.01485065328399942,
          "eval_noise_se": 0.00742532664199971,
          "ci_95_half_width": 0.014553640218319432,
          "n_eval_runs": 4,
          "eval_scores": [
            0.0782608695652174,
            0.05217391304347826,
            0.06956521739130435,
            0.08695652173913043
          ]
        },
        "3": {
          "mean_major_equiv_per_unit": 0.08695652173913043,
          "eval_run_sd": 0.012297509238026914,
          "eval_noise_se": 0.006148754619013457,
          "ci_95_half_width": 0.012051559053266376,
          "n_eval_runs": 4,
          "eval_scores": [
            0.09565217391304348,
            0.08695652173913043,
            0.06956521739130435,
            0.09565217391304348
          ]
        },
        "4": {
          "mean_major_equiv_per_unit": 0.052173913043478265,
          "eval_run_sd": 0.018784755647559017,
          "eval_noise_se": 0.009392377823779509,
          "ci_95_half_width": 0.018409060534607835,
          "n_eval_runs": 4,
          "eval_scores": [
            0.043478260869565216,
            0.05217391304347826,
            0.034782608695652174,
            0.0782608695652174
          ]
        },
        "5": {
          "mean_major_equiv_per_unit": 0.03695652173913044,
          "eval_run_sd": 0.004347826086956521,
          "eval_noise_se": 0.0021739130434782605,
          "ci_95_half_width": 0.004260869565217391,
          "n_eval_runs": 4,
          "eval_scores": [
            0.034782608695652174,
            0.034782608695652174,
            0.034782608695652174,
            0.043478260869565216
          ]
        },
        "6": {
          "mean_major_equiv_per_unit": 0.05434782608695652,
          "eval_run_sd": 0.008325453110924681,
          "eval_noise_se": 0.0041627265554623405,
          "ci_95_half_width": 0.008158944048706188,
          "n_eval_runs": 4,
          "eval_scores": [
            0.05217391304347826,
            0.06086956521739131,
            0.043478260869565216,
            0.06086956521739131
          ]
        },
        "7": {
          "mean_major_equiv_per_unit": 0.04565217391304348,
          "eval_run_sd": 0.004347826086956521,
          "eval_noise_se": 0.0021739130434782605,
          "ci_95_half_width": 0.004260869565217391,
          "n_eval_runs": 4,
          "eval_scores": [
            0.05217391304347826,
            0.043478260869565216,
            0.043478260869565216,
            0.043478260869565216
          ]
        },
        "8": {
          "mean_major_equiv_per_unit": 0.04782608695652174,
          "eval_run_sd": 0.01122603868465918,
          "eval_noise_se": 0.00561301934232959,
          "ci_95_half_width": 0.011001517910965998,
          "n_eval_runs": 4,
          "eval_scores": [
            0.06086956521739131,
            0.034782608695652174,
            0.05217391304347826,
            0.043478260869565216
          ]
        },
        "9": {
          "mean_major_equiv_per_unit": 0.05217391304347826,
          "eval_run_sd": 0.007099970268936749,
          "eval_noise_se": 0.0035499851344683747,
          "ci_95_half_width": 0.006957970863558014,
          "n_eval_runs": 4,
          "eval_scores": [
            0.06086956521739131,
            0.05217391304347826,
            0.043478260869565216,
            0.05217391304347826
          ]
        }
      }
    },
    "list-analysis": {
      "num_translations": 7,
      "eval_runs_per_translation": 4,
      "observed_eval_runs_per_translation": [
        4
      ],
      "mean_major_equiv_per_unit": 0.10683229813664596,
      "translation_sd": 0.021352672618651564,
      "se_method": 0.008070551653647194,
      "ci_95_half_width": 0.0158182812411485,
      "ci_95_lower": 0.09101401689549746,
      "ci_95_upper": 0.12265057937779447,
      "pooled_eval_run_sd": 0.02017119993179064,
      "avg_eval_noise": 0.01008559996589532,