{
  "backend": {
    "dataset_name": "carnival-night",
    "evaluation_model": "gpt-5.4-mini",
    "evaluated_translation_model": "gpt-5.2"
  },
  "requested_eval_runs_per_translation": 8,
  "num_methods": 1,
  "total_successful_eval_runs": 16,
  "per_method": {
    "zero": {
      "num_translations": 2,
      "eval_runs_per_translation": 8,
      "observed_eval_runs_per_translation": [
        8
      ],
      "mean_major_equiv_per_unit": 0.4015625,
      "translation_sd": 0.05524271728019903,
      "se_method": 0.0390625,
      "ci_95_half_width": 0.0765625,
      "ci_95_lower": 0.32499999999999996,
      "ci_95_upper": 0.478125,
      "pooled_eval_run_sd": 0.09862333648787187,
      "avg_eval_noise": 0.03486861500690843,
      "translation_means": [
        0.3625,
        0.440625
      ],
      "per_translation": {
        "11": {
          "mean_major_equiv_per_unit": 0.3625,
          "eval_run_sd": 0.06267831705280087,
          "eval_noise_se": 0.022160131510697956,
          "ci_95_half_width": 0.04343385776096799,
          "n_eval_runs": 8,
          "eval_scores": [
            0.425,
            0.4,
            0.325,
            0.4,
            0.4,
            0.25,
            0.4,
            0.3
          ]
        },
        "12": {
          "mean_major_equiv_per_unit": 0.440625,
          "eval_run_sd": 0.12459756647474529,
          "eval_noise_se": 0.044051892086817014,
          "ci_95_half_width": 0.08634170849016135,
          "n_eval_runs": 8,
          "eval_scores": [
            0.45,
            0.5,
            0.375,
            0.65,
            0.25,
            0.325,
            0.525,
            0.45
          ]
        }
      }
    }
  },
  "ranking": [
    {
      "method": "zero",
      "num_translations": 2,
      "eval_runs_per_translation": 8,
      "mean_major_equiv_per_unit": 0.4015625,
      "ci_95_half_width": 0.0765625,
      "translation_sd": 0.05524271728019903,
      "pooled_eval_run_sd": 0.09862333648787187,
      "avg_eval_noise": 0.03486861500690843
    }
  ],
  "usage": {
    "total_input_tokens": 67296,
    "total_output_tokens": 7397,
    "total_cost_usd": 0.083758
  }
}