{
  "backend": {
    "dataset_name": "carnival-night",
    "evaluation_model": "gpt-5.4-mini",
    "evaluated_translation_model": "gpt-5.2"
  },
  "requested_eval_runs_per_translation": 8,
  "num_methods": 1,
  "total_successful_eval_runs": 80,
  "per_method": {
    "noise": {
      "num_translations": 16,
      "eval_runs_per_translation": 5,
      "observed_eval_runs_per_translation": [
        5
      ],
      "mean_major_equiv_per_unit": 0.3340625,
      "translation_sd": 0.10109762196345998,
      "se_method": 0.025274405490864994,
      "ci_95_half_width": 0.04953783476209539,
      "ci_95_lower": 0.2845246652379046,
      "ci_95_upper": 0.3836003347620954,
      "pooled_eval_run_sd": 0.06875,
      "avg_eval_noise": 0.03074593469062211,
      "translation_means": [
        0.31,
        0.35,
        0.605,
        0.33,
        0.31,
        0.325,
        0.27,
        0.365,
        0.27,
        0.28500000000000003,
        0.24000000000000002,
        0.245,
        0.275,
        0.5,
        0.43,
        0.23500000000000001
      ],
      "per_translation": {
        "1": {
          "mean_major_equiv_per_unit": 0.31,
          "eval_run_sd": 0.08403868156985805,
          "eval_noise_se": 0.03758324094593227,
          "ci_95_half_width": 0.07366315225402724,
          "n_eval_runs": 5,
          "eval_scores": [
            0.2,
            0.25,
            0.4,
            0.325,
            0.375
          ]
        },
        "2": {
          "mean_major_equiv_per_unit": 0.35,
          "eval_run_sd": 0.06614378277661476,
          "eval_noise_se": 0.029580398915498074,
          "ci_95_half_width": 0.057977581874376224,
          "n_eval_runs": 5,
          "eval_scores": [
            0.375,
            0.325,
            0.425,
            0.375,
            0.25
          ]
        },
        "3": {
          "mean_major_equiv_per_unit": 0.605,
          "eval_run_sd": 0.06708203932499371,
          "eval_noise_se": 0.030000000000000006,
          "ci_95_half_width": 0.05880000000000001,
          "n_eval_runs": 5,
          "eval_scores": [
            0.6,
            0.5,
            0.6,
            0.675,
            0.65
          ]
        },
        "4": {
          "mean_major_equiv_per_unit": 0.33,
          "eval_run_sd": 0.09905806378079475,
          "eval_noise_se": 0.044300112866673375,
          "ci_95_half_width": 0.08682822121867981,
          "n_eval_runs": 5,
          "eval_scores": [
            0.3,
            0.275,
            0.5,
            0.25,
            0.325
          ]
        },
        "5": {
          "mean_major_equiv_per_unit": 0.31,
          "eval_run_sd": 0.09937303457175896,
          "eval_noise_se": 0.04444097208657794,
          "ci_95_half_width": 0.08710430528969276,
          "n_eval_runs": 5,
          "eval_scores": [
            0.375,
            0.275,
            0.45,
            0.225,
            0.225
          ]
        },
        "6": {
          "mean_major_equiv_per_unit": 0.325,
          "eval_run_sd": 0.06846531968814576,
          "eval_noise_se": 0.03061862178478972,
          "ci_95_half_width": 0.06001249869818785,
          "n_eval_runs": 5,
          "eval_scores": [
            0.275,
            0.275,
            0.4,
            0.275,
            0.4
          ]
        },
        "7": {
          "mean_major_equiv_per_unit": 0.27,
          "eval_run_sd": 0.044721359549995794,
          "eval_noise_se": 0.02,
          "ci_95_half_width": 0.0392,
          "n_eval_runs": 5,
          "eval_scores": [
            0.325,
            0.3,
            0.225,
            0.275,
            0.225
          ]
        },
        "8": {
          "mean_major_equiv_per_unit": 0.365,
          "eval_run_sd": 0.03791437722025776,
          "eval_noise_se": 0.016955824957813174,
          "ci_95_half_width": 0.03323341691731382,
          "n_eval_runs": 5,
          "eval_scores": [
            0.375,
            0.375,
            0.3,
            0.4,
            0.375
          ]
        },
        "9": {
          "mean_major_equiv_per_unit": 0.27,
          "eval_run_sd": 0.027386127875258303,
          "eval_noise_se": 0.01224744871391589,
          "ci_95_half_width": 0.024004999479275143,
          "n_eval_runs": 5,
          "eval_scores": [
            0.275,
            0.3,
            0.275,
            0.225,
            0.275
          ]
        },
        "10": {
          "mean_major_equiv_per_unit": 0.28500000000000003,
          "eval_run_sd": 0.05755432216610669,
          "eval_noise_se": 0.0257390753524675,
          "ci_95_half_width": 0.0504485876908363,
          "n_eval_runs": 5,
          "eval_scores": [
            0.375,
            0.225,
            0.25,
            0.275,
            0.3
          ]
        },
        "11": {
          "mean_major_equiv_per_unit": 0.24000000000000002,
          "eval_run_sd": 0.037914377220257756,
          "eval_noise_se": 0.01695582495781317,
          "ci_95_half_width": 0.03323341691731381,
          "n_eval_runs": 5,
          "eval_scores": [
            0.2,
            0.2,
            0.275,
            0.25,
            0.275
          ]
        },
        "12": {
          "mean_major_equiv_per_unit": 0.245,
          "eval_run_sd": 0.032596012026013234,
          "eval_noise_se": 0.014577379737113247,
          "ci_95_half_width": 0.028571664284741963,
          "n_eval_runs": 5,
          "eval_scores": [
            0.225,
            0.225,
            0.3,
            0.225,
            0.25
          ]
        },
        "13": {
          "mean_major_equiv_per_unit": 0.275,
          "eval_run_sd": 0.125,
          "eval_noise_se": 0.05590169943749474,
          "ci_95_half_width": 0.10956733089748968,
          "n_eval_runs": 5,
          "eval_scores": [
            0.275,
            0.3,
            0.25,
            0.1,
            0.45
          ]
        },
        "14": {
          "mean_major_equiv_per_unit": 0.5,
          "eval_run_sd": 0.039528470752104757,
          "eval_noise_se": 0.017677669529663695,
          "ci_95_half_width": 0.034648232278140845,
          "n_eval_runs": 5,
          "eval_scores": [
            0.55,
            0.475,
            0.525,
            0.5,
            0.45
          ]
        },
        "15": {
          "mean_major_equiv_per_unit": 0.43,
          "eval_run_sd": 0.07984359711335658,
          "eval_noise_se": 0.035707142142714254,
          "ci_95_half_width": 0.06998599859971993,
          "n_eval_runs": 5,
          "eval_scores": [
            0.375,
            0.375,
            0.55,
            0.375,
            0.475
          ]
        },
        "16": {
          "mean_major_equiv_per_unit": 0.23500000000000001,
          "eval_run_sd": 0.04183300132670377,
          "eval_noise_se": 0.0187082869338697,
          "ci_95_half_width": 0.03666824239038462,
          "n_eval_runs": 5,
          "eval_scores": [
            0.2,
            0.2,
            0.225,
            0.3,
            0.25
          ]
        }
      }
    }
  },
  "ranking": [
    {
      "method": "noise",
      "num_translations": 16,
      "eval_runs_per_translation": 5,
      "mean_major_equiv_per_unit": 0.3340625,
      "ci_95_half_width": 0.04953783476209539,
      "translation_sd": 0.10109762196345998,
      "pooled_eval_run_sd": 0.06875,
      "avg_eval_noise": 0.03074593469062211
    }
  ],
  "usage": {
    "total_input_tokens": 336320,
    "total_output_tokens": 34684,
    "total_cost_usd": 0.408318
  }
}