{
  "backend": {
    "dataset_name": "carnival-night",
    "evaluation_model": "gpt-5.4-mini",
    "evaluated_translation_model": "gpt-5.2"
  },
  "requested_eval_runs_per_translation": 8,
  "num_methods": 2,
  "total_successful_eval_runs": 40,
  "per_method": {
    "list-analysis": {
      "num_translations": 1,
      "eval_runs_per_translation": 25,
      "observed_eval_runs_per_translation": [
        25
      ],
      "mean_major_equiv_per_unit": 0.289,
      "translation_sd": 0.0,
      "se_method": 0.0,
      "ci_95_half_width": 0.0,
      "ci_95_lower": 0.289,
      "ci_95_upper": 0.289,
      "pooled_eval_run_sd": 0.08929119030826427,
      "avg_eval_noise": 0.017858238061652855,
      "translation_means": [
        0.289
      ],
      "per_translation": {
        "13": {
          "mean_major_equiv_per_unit": 0.289,
          "eval_run_sd": 0.08929119030826427,
          "eval_noise_se": 0.017858238061652855,
          "ci_95_half_width": 0.0350021466008396,
          "n_eval_runs": 25,
          "eval_scores": [
            0.225,
            0.4,
            0.25,
            0.4,
            0.15,
            0.25,
            0.3,
            0.25,
            0.325,
            0.225,
            0.35,
            0.375,
            0.375,
            0.35,
            0.25,
            0.3,
            0.35,
            0.35,
            0.45,
            0.35,
            0.2,
            0.125,
            0.1,
            0.25,
            0.275
          ]
        }
      }
    },
    "noise": {
      "num_translations": 1,
      "eval_runs_per_translation": 15,
      "observed_eval_runs_per_translation": [
        15
      ],
      "mean_major_equiv_per_unit": 0.3933333333333333,
      "translation_sd": 0.0,
      "se_method": 0.0,
      "ci_95_half_width": 0.0,
      "ci_95_lower": 0.3933333333333333,
      "ci_95_upper": 0.3933333333333333,
      "pooled_eval_run_sd": 0.13311738464692768,
      "avg_eval_noise": 0.03437076092188252,
      "translation_means": [
        0.3933333333333333
      ],
      "per_translation": {
        "14": {
          "mean_major_equiv_per_unit": 0.3933333333333333,
          "eval_run_sd": 0.13311738464692768,
          "eval_noise_se": 0.03437076092188252,
          "ci_95_half_width": 0.06736669140688974,
          "n_eval_runs": 15,
          "eval_scores": [
            0.2,
            0.425,
            0.475,
            0.5,
            0.175,
            0.2,
            0.475,
            0.45,
            0.475,
            0.525,
            0.375,
            0.475,
            0.475,
            0.5,
            0.175
          ]
        }
      }
    }
  },
  "ranking": [
    {
      "method": "list-analysis",
      "num_translations": 1,
      "eval_runs_per_translation": 25,
      "mean_major_equiv_per_unit": 0.289,
      "ci_95_half_width": 0.0,
      "translation_sd": 0.0,
      "pooled_eval_run_sd": 0.08929119030826427,
      "avg_eval_noise": 0.017858238061652855
    },
    {
      "method": "noise",
      "num_translations": 1,
      "eval_runs_per_translation": 15,
      "mean_major_equiv_per_unit": 0.3933333333333333,
      "ci_95_half_width": 0.0,
      "translation_sd": 0.0,
      "pooled_eval_run_sd": 0.13311738464692768,
      "avg_eval_noise": 0.03437076092188252
    }
  ],
  "usage": {
    "total_input_tokens": 169470,
    "total_output_tokens": 17027,
    "total_cost_usd": 0.207721
  }
}