{
  "backend": {
    "dataset_name": "carnival-night",
    "evaluation_model": "gpt-5.4-mini",
    "evaluated_translation_model": "gpt-5.2"
  },
  "requested_eval_runs_per_translation": 8,
  "num_methods": 1,
  "total_successful_eval_runs": 70,
  "per_method": {
    "noise": {
      "num_translations": 14,
      "eval_runs_per_translation": 5,
      "observed_eval_runs_per_translation": [
        5
      ],
      "mean_major_equiv_per_unit": 0.34714285714285714,
      "translation_sd": 0.10085622450785088,
      "se_method": 0.02695495981656652,
      "ci_95_half_width": 0.05283172124047038,
      "ci_95_lower": 0.2943111359023868,
      "ci_95_upper": 0.3999745783833275,
      "pooled_eval_run_sd": 0.08446258681468718,
      "avg_eval_noise": 0.0377728171346236,
      "translation_means": [
        0.32,
        0.315,
        0.615,
        0.385,
        0.24000000000000002,
        0.355,
        0.265,
        0.46499999999999997,
        0.245,
        0.31,
        0.34,
        0.335,
        0.255,
        0.415
      ],
      "per_translation": {
        "1": {
          "mean_major_equiv_per_unit": 0.32,
          "eval_run_sd": 0.1594913790773658,
          "eval_noise_se": 0.07132671308843552,
          "ci_95_half_width": 0.13980035765333362,
          "n_eval_runs": 5,
          "eval_scores": [
            0.6,
            0.275,
            0.2,
            0.275,
            0.25
          ]
        },
        "2": {
          "mean_major_equiv_per_unit": 0.315,
          "eval_run_sd": 0.06754628043053147,
          "eval_noise_se": 0.030207614933986424,
          "ci_95_half_width": 0.059206925270613386,
          "n_eval_runs": 5,
          "eval_scores": [
            0.325,
            0.35,
            0.375,
            0.2,
            0.325
          ]
        },
        "3": {
          "mean_major_equiv_per_unit": 0.615,
          "eval_run_sd": 0.0675462804305315,
          "eval_noise_se": 0.030207614933986437,
          "ci_95_half_width": 0.059206925270613414,
          "n_eval_runs": 5,
          "eval_scores": [
            0.5,
            0.625,
            0.625,
            0.675,
            0.65
          ]
        },
        "4": {
          "mean_major_equiv_per_unit": 0.385,
          "eval_run_sd": 0.13986600730699364,
          "eval_noise_se": 0.06254998001598401,
          "ci_95_half_width": 0.12259796083132866,
          "n_eval_runs": 5,
          "eval_scores": [
            0.275,
            0.5,
            0.375,
            0.55,
            0.225
          ]
        },
        "5": {
          "mean_major_equiv_per_unit": 0.24000000000000002,
          "eval_run_sd": 0.02850438562747845,
          "eval_noise_se": 0.012747548783981962,
          "ci_95_half_width": 0.024985195616604644,
          "n_eval_runs": 5,
          "eval_scores": [
            0.25,
            0.275,
            0.2,
            0.25,
            0.225
          ]
        },
        "6": {
          "mean_major_equiv_per_unit": 0.355,
          "eval_run_sd": 0.09420721840708386,
          "eval_noise_se": 0.04213074886588179,
          "ci_95_half_width": 0.08257626777712831,
          "n_eval_runs": 5,
          "eval_scores": [
            0.5,
            0.375,
            0.3,
            0.35,
            0.25
          ]
        },
        "7": {
          "mean_major_equiv_per_unit": 0.265,
          "eval_run_sd": 0.022360679774997894,
          "eval_noise_se": 0.009999999999999998,
          "ci_95_half_width": 0.019599999999999996,
          "n_eval_runs": 5,
          "eval_scores": [
            0.25,
            0.3,
            0.275,
            0.25,
            0.25
          ]
        },
        "8": {
          "mean_major_equiv_per_unit": 0.46499999999999997,
          "eval_run_sd": 0.10982941318244399,
          "eval_noise_se": 0.049117206760971255,
          "ci_95_half_width": 0.09626972525150365,
          "n_eval_runs": 5,
          "eval_scores": [
            0.35,
            0.375,
            0.625,
            0.5,
            0.475
          ]
        },
        "9": {
          "mean_major_equiv_per_unit": 0.245,
          "eval_run_sd": 0.041079191812887474,
          "eval_noise_se": 0.018371173070873843,
          "ci_95_half_width": 0.036007499218912734,
          "n_eval_runs": 5,
          "eval_scores": [
            0.25,
            0.25,
            0.275,
            0.175,
            0.275
          ]
        },
        "10": {
          "mean_major_equiv_per_unit": 0.31,
          "eval_run_sd": 0.05755432216610669,
          "eval_noise_se": 0.0257390753524675,
          "ci_95_half_width": 0.0504485876908363,
          "n_eval_runs": 5,
          "eval_scores": [
            0.3,
            0.3,
            0.35,
            0.375,
            0.225
          ]
        },
        "11": {
          "mean_major_equiv_per_unit": 0.34,
          "eval_run_sd": 0.0518411033833193,
          "eval_noise_se": 0.023184046238739257,
          "ci_95_half_width": 0.045440730627928944,
          "n_eval_runs": 5,
          "eval_scores": [
            0.4,
            0.35,
            0.3,
            0.275,
            0.375
          ]
        },
        "12": {
          "mean_major_equiv_per_unit": 0.335,
          "eval_run_sd": 0.09617692030835673,
          "eval_noise_se": 0.04301162633521313,
          "ci_95_half_width": 0.08430278761701773,
          "n_eval_runs": 5,
          "eval_scores": [
            0.25,
            0.425,
            0.25,
            0.3,
            0.45
          ]
        },
        "13": {
          "mean_major_equiv_per_unit": 0.255,
          "eval_run_sd": 0.04107919181288745,
          "eval_noise_se": 0.018371173070873832,
          "ci_95_half_width": 0.03600749921891271,
          "n_eval_runs": 5,
          "eval_scores": [
            0.2,
            0.275,
            0.225,
            0.275,
            0.3
          ]
        },
        "14": {
          "mean_major_equiv_per_unit": 0.415,
          "eval_run_sd": 0.0698212002188447,
          "eval_noise_se": 0.03122498999199199,
          "ci_95_half_width": 0.0612009803843043,
          "n_eval_runs": 5,
          "eval_scores": [
            0.35,
            0.4,
            0.475,
            0.5,
            0.35
          ]
        }
      }
    }
  },
  "ranking": [
    {
      "method": "noise",
      "num_translations": 14,
      "eval_runs_per_translation": 5,
      "mean_major_equiv_per_unit": 0.34714285714285714,
      "ci_95_half_width": 0.05283172124047038,
      "translation_sd": 0.10085622450785088,
      "pooled_eval_run_sd": 0.08446258681468718,
      "avg_eval_noise": 0.0377728171346236
    }
  ],
  "usage": {
    "total_input_tokens": 294927,
    "total_output_tokens": 29947,
    "total_cost_usd": 0.361898
  }
}