{
  "methods": [
    {
      "method": "noise",
      "num_translations": 14,
      "eval_runs_per_translation": 5,
      "mean_major_equiv_per_unit": 0.34714285714285714,
      "ci_95_half_width": 0.05283172124047038,
      "translation_sd": 0.10085622450785088,
      "pooled_eval_run_sd": 0.08446258681468718,
      "avg_eval_noise": 0.0377728171346236
    }
  ]
}