{
  "methods": [
    {
      "method": "noise",
      "num_translations": 2,
      "eval_runs_per_translation": 25,
      "mean_major_equiv_per_unit": 0.2705,
      "ci_95_half_width": 0.014700000000000012,
      "translation_sd": 0.010606601717798222,
      "pooled_eval_run_sd": 0.0578341738651696,
      "avg_eval_noise": 0.01156683477303392
    }
  ]
}