{
  "methods": [
    {
      "method": "noise",
      "num_translations": 3,
      "eval_runs_per_translation": 8,
      "mean_major_equiv_per_unit": 0.3,
      "ci_95_half_width": 0.1043649196729118,
      "translation_sd": 0.09222721602108565,
      "pooled_eval_run_sd": 0.10411903672971533,
      "avg_eval_noise": 0.03681163846109646
    }
  ]
}