{
  "methods": [
    {
      "method": "zero",
      "num_translations": 2,
      "eval_runs_per_translation": 8,
      "mean_major_equiv_per_unit": 0.4015625,
      "ci_95_half_width": 0.0765625,
      "translation_sd": 0.05524271728019903,
      "pooled_eval_run_sd": 0.09862333648787187,
      "avg_eval_noise": 0.03486861500690843
    }
  ]
}