{
  "methods": [
    {
      "method": "noise",
      "num_translations": 16,
      "eval_runs_per_translation": 5,
      "mean_major_equiv_per_unit": 0.3340625,
      "ci_95_half_width": 0.04953783476209539,
      "translation_sd": 0.10109762196345998,
      "pooled_eval_run_sd": 0.06875,
      "avg_eval_noise": 0.03074593469062211
    }
  ]
}