{
  "methods": [
    {
      "method": "characters",
      "num_translations": 10,
      "eval_runs_per_translation": 2,
      "mean_major_equiv_per_unit": 0.305,
      "ci_95_half_width": 0.04806553396723639,
      "translation_sd": 0.07754926749421227,
      "pooled_eval_run_sd": 0.047434164902525694,
      "avg_eval_noise": 0.03354101966249685
    },
    {
      "method": "noise",
      "num_translations": 10,
      "eval_runs_per_translation": 7,
      "mean_major_equiv_per_unit": 0.31785714285714284,
      "ci_95_half_width": 0.054302035975745046,
      "translation_sd": 0.08761128329987665,
      "pooled_eval_run_sd": 0.054253593253833256,
      "avg_eval_noise": 0.02050593078304205
    },
    {
      "method": "zero",
      "num_translations": 12,
      "eval_runs_per_translation": 7,
      "mean_major_equiv_per_unit": 0.32470238095238096,
      "ci_95_half_width": 0.04393063718907778,
      "translation_sd": 0.07764295471465053,
      "pooled_eval_run_sd": 0.07752047860516989,
      "avg_eval_noise": 0.02929998684342611
    },
    {
      "method": "list",
      "num_translations": 10,
      "eval_runs_per_translation": 7,
      "mean_major_equiv_per_unit": 0.3410714285714286,
      "ci_95_half_width": 0.03017587336488097,
      "translation_sd": 0.04868596439685363,
      "pooled_eval_run_sd": 0.08762745818846641,
      "avg_eval_noise": 0.0331200660553418
    }
  ]
}