{
  "methods": [
    {
      "method": "noise",
      "num_translations": 6,
      "eval_runs_per_translation": 4,
      "mean_major_equiv_per_unit": 0.23712121212121212,
      "ci_95_half_width": 0.050261627722388263,
      "translation_sd": 0.06281394977631463,
      "pooled_eval_run_sd": 0.07096992987048709,
      "avg_eval_noise": 0.03548496493524354
    }
  ]
}