{
  "backend": {
    "evaluation_model": "gpt-5-mini",
    "evaluated_translation_model": "gpt-5.2"
  },
  "requested_eval_runs_per_translation": 8,
  "num_methods": 4,
  "total_successful_eval_runs": 172,
  "overall_across_methods": {
    "mean_major_equiv_per_unit": 0.28155776515151515,
    "ci_95_lower": 0.11043623500273073,
    "ci_95_upper": 0.4526792953002996,
    "ci_95_half_width": 0.17112153014878442,
    "method_sd": 0.1746138062742698,
    "se_method_across_methods": 0.0873069031371349
  },
  "per_method": {
    "given": {
      "num_translations": 4,
      "eval_runs_per_translation": 4,
      "observed_eval_runs_per_translation": [
        4
      ],
      "mean_major_equiv_per_unit": 0.03977272727272727,
      "translation_sd": 0.013573085505430998,
      "se_method": 0.006786542752715499,
      "ci_95_half_width": 0.013301623795322378,
      "ci_95_lower": 0.026471103477404896,
      "ci_95_upper": 0.05307435106804965,
      "pooled_eval_run_sd": 0.017837651700316894,
      "avg_eval_noise": 0.008918825850158447,
      "translation_means": [
        0.03636363636363636,
        0.03636363636363636,
        0.05909090909090909,
        0.02727272727272727
      ],
      "per_translation": {
        "1": {
          "mean_major_equiv_per_unit": 0.03636363636363636,
          "eval_run_sd": 0.01484539238050411,
          "eval_noise_se": 0.007422696190252055,
          "ci_95_half_width": 0.014548484532894028,
          "n_eval_runs": 4,
          "eval_scores": [
            0.03636363636363636,
            0.03636363636363636,
            0.05454545454545454,
            0.01818181818181818
          ]
        },
        "2": {
          "mean_major_equiv_per_unit": 0.03636363636363636,
          "eval_run_sd": 0.01484539238050411,
          "eval_noise_se": 0.007422696190252055,
          "ci_95_half_width": 0.014548484532894028,
          "n_eval_runs": 4,
          "eval_scores": [
            0.03636363636363636,
            0.03636363636363636,
            0.01818181818181818,
            0.05454545454545454
          ]
        },
        "3": {
          "mean_major_equiv_per_unit": 0.05909090909090909,
          "eval_run_sd": 0.017407765595569783,
          "eval_noise_se": 0.008703882797784892,
          "ci_95_half_width": 0.017059610283658388,
          "n_eval_runs": 4,
          "eval_scores": [
            0.05454545454545454,
            0.07272727272727272,
            0.07272727272727272,
            0.03636363636363636
          ]
        },
        "4": {
          "mean_major_equiv_per_unit": 0.02727272727272727,
          "eval_run_sd": 0.01049727762162956,
          "eval_noise_se": 0.00524863881081478,
          "ci_95_half_width": 0.010287332069196969,
          "n_eval_runs": 4,
          "eval_scores": [
            0.01818181818181818,
            0.01818181818181818,
            0.03636363636363636,
            0.03636363636363636
          ]
        }
      }
    },
    "list": {
      "num_translations": 6,
      "eval_runs_per_translation": 4,
      "observed_eval_runs_per_translation": [
        4
      ],
      "mean_major_equiv_per_unit": 0.3143939393939394,
      "translation_sd": 0.04856763765098367,
      "se_method": 0.01982765504288243,
      "ci_95_half_width": 0.03886220388404956,
      "ci_95_lower": 0.27553173550988985,
      "ci_95_upper": 0.35325614327798893,
      "pooled_eval_run_sd": 0.0610082177665117,
      "avg_eval_noise": 0.03050410888325585,
      "translation_means": [
        0.33636363636363636,
        0.2727272727272727,
        0.37272727272727274,
        0.2409090909090909,
        0.32272727272727275,
        0.34090909090909094
      ],
      "per_translation": {
        "1": {
          "mean_major_equiv_per_unit": 0.33636363636363636,
          "eval_run_sd": 0.05652957001872008,
          "eval_noise_se": 0.02826478500936004,
          "ci_95_half_width": 0.05539897861834568,
          "n_eval_runs": 4,
          "eval_scores": [
            0.41818181818181815,
            0.3090909090909091,
            0.32727272727272727,
            0.2909090909090909
          ]
        },
        "2": {
          "mean_major_equiv_per_unit": 0.2727272727272727,
          "eval_run_sd": 0.04198911048651822,
          "eval_noise_se": 0.02099455524325911,
          "ci_95_half_width": 0.041149328276787855,
          "n_eval_runs": 4,
          "eval_scores": [
            0.2363636363636364,
            0.3090909090909091,
            0.3090909090909091,
            0.2363636363636364
          ]
        },
        "3": {
          "mean_major_equiv_per_unit": 0.37272727272727274,
          "eval_run_sd": 0.023472626340651018,
          "eval_noise_se": 0.011736313170325509,
          "ci_95_half_width": 0.023003173813837995,
          "n_eval_runs": 4,
          "eval_scores": [
            0.34545454545454546,
            0.4,
            0.38181818181818183,
            0.36363636363636365
          ]
        },
        "4": {
          "mean_major_equiv_per_unit": 0.2409090909090909,
          "eval_run_sd": 0.017407765595569773,
          "eval_noise_se": 0.008703882797784886,
          "ci_95_half_width": 0.017059610283658377,
          "n_eval_runs": 4,
          "eval_scores": [
            0.2545454545454545,
            0.21818181818181817,
            0.2363636363636364,
            0.2545454545454545
          ]
        },
        "5": {
          "mean_major_equiv_per_unit": 0.32272727272727275,
          "eval_run_sd": 0.05222329678670937,
          "eval_noise_se": 0.026111648393354683,
          "ci_95_half_width": 0.05117883085097518,
          "n_eval_runs": 4,
          "eval_scores": [
            0.4,
            0.2909090909090909,
            0.3090909090909091,
            0.2909090909090909
          ]
        },
        "6": {
          "mean_major_equiv_per_unit": 0.34090909090909094,
          "eval_run_sd": 0.065345026220751,
          "eval_noise_se": 0.0326725131103755,
          "ci_95_half_width": 0.06403812569633598,
          "n_eval_runs": 4,
          "eval_scores": [
            0.38181818181818183,
            0.32727272727272727,
            0.2545454545454545,
            0.4
          ]
        }
      }
    },
    "list-analysis": {
      "num_translations": 12,
      "eval_runs_per_translation": 8,
      "observed_eval_runs_per_translation": [
        4,
        8
      ],
      "mean_major_equiv_per_unit": 0.3149621212121212,
      "translation_sd": 0.11993478354519199,
      "se_method": 0.03462218978250805,
      "ci_95_half_width": 0.06785949197371577,
      "ci_95_lower": 0.24710262923840542,
      "ci_95_upper": 0.38282161318583696,
      "pooled_eval_run_sd": 0.12655073095277738,
      "avg_eval_noise": 0.0447424400104116,
      "translation_means": [
        0.15,
        0.17727272727272728,
        0.15,
        0.18863636363636363,
        0.3181818181818182,
        0.37272727272727274,
        0.3818181818181818,
        0.42727272727272725,
        0.41363636363636364,
        0.5,
        0.3181818181818182,
        0.38181818181818183
      ],
      "per_translation": {
        "1": {
          "mean_major_equiv_per_unit": 0.15,
          "eval_run_sd": 0.012856486930664504,
          "eval_noise_se": 0.004545454545454546,
          "ci_95_half_width": 0.00890909090909091,
          "n_eval_runs": 8,
          "eval_scores": [
            0.16363636363636364,
            0.14545454545454545,
            0.14545454545454545,
            0.16363636363636364,
            0.14545454545454545,
            0.12727272727272726,
            0.16363636363636364,
            0.14545454545454545
          ]
        },
        "2": {
          "mean_major_equiv_per_unit": 0.17727272727272728,
          "eval_run_sd": 0.03331365022956015,
          "eval_noise_se": 0.011778153991699382,
          "ci_95_half_width": 0.023085181823730788,
          "n_eval_runs": 8,