{
  "backend": {
    "evaluation_model": "gpt-5-mini",
    "evaluated_translation_model": "gpt-5.2"
  },
  "requested_eval_runs_per_translation": 4,
  "num_methods": 1,
  "total_successful_eval_runs": 72,
  "overall_across_methods": {
    "mean_major_equiv_per_unit": 0.44116161616161614,
    "ci_95_lower": 0.44116161616161614,
    "ci_95_upper": 0.44116161616161614,
    "ci_95_half_width": 0.0,
    "method_sd": 0.0,
    "se_method_across_methods": 0.0
  },
  "per_method": {
    "zero": {
      "num_translations": 18,
      "eval_runs_per_translation": 4,
      "observed_eval_runs_per_translation": [
        4
      ],
      "mean_major_equiv_per_unit": 0.44116161616161614,
      "translation_sd": 0.1493583116393802,
      "se_method": 0.0352040916622598,
      "ci_95_half_width": 0.06900001965802921,
      "ci_95_lower": 0.37216159650358693,
      "ci_95_upper": 0.5101616358196454,
      "pooled_eval_run_sd": 0.07150701888358502,
      "avg_eval_noise": 0.03575350944179251,
      "translation_means": [
        0.44999999999999996,
        0.8727272727272727,
        0.43636363636363634,
        0.40909090909090906,
        0.39545454545454545,
        0.39090909090909093,
        0.44545454545454544,
        0.34545454545454546,
        0.41818181818181815,
        0.3181818181818182,
        0.38181818181818183,
        0.7954545454545454,
        0.38181818181818183,
        0.38181818181818183,
        0.3136363636363636,
        0.38636363636363635,
        0.4590909090909091,
        0.3590909090909091
      ],
      "per_translation": {
        "1": {
          "mean_major_equiv_per_unit": 0.44999999999999996,
          "eval_run_sd": 0.08046010937788937,
          "eval_noise_se": 0.04023005468894469,
          "ci_95_half_width": 0.07885090719033158,
          "n_eval_runs": 4,
          "eval_scores": [
            0.36363636363636365,
            0.5272727272727272,
            0.509090909090909,
            0.4
          ]
        },
        "2": {
          "mean_major_equiv_per_unit": 0.8727272727272727,
          "eval_run_sd": 0.14621015856745234,
          "eval_noise_se": 0.07310507928372617,
          "ci_95_half_width": 0.14328595539610328,
          "n_eval_runs": 4,
          "eval_scores": [
            1.0545454545454545,
            0.7636363636363637,
            0.9272727272727274,
            0.7454545454545454
          ]
        },
        "3": {
          "mean_major_equiv_per_unit": 0.43636363636363634,
          "eval_run_sd": 0.06803013430498073,
          "eval_noise_se": 0.034015067152490364,
          "ci_95_half_width": 0.06666953161888112,
          "n_eval_runs": 4,
          "eval_scores": [
            0.36363636363636365,
            0.43636363636363634,
            0.5272727272727272,
            0.41818181818181815
          ]
        },
        "4": {
          "mean_major_equiv_per_unit": 0.40909090909090906,
          "eval_run_sd": 0.06721537276611768,
          "eval_noise_se": 0.03360768638305884,
          "ci_95_half_width": 0.06587106531079533,
          "n_eval_runs": 4,
          "eval_scores": [
            0.4909090909090909,
            0.41818181818181815,
            0.32727272727272727,
            0.4
          ]
        },
        "5": {
          "mean_major_equiv_per_unit": 0.39545454545454545,
          "eval_run_sd": 0.03441762633818346,
          "eval_noise_se": 0.01720881316909173,
          "ci_95_half_width": 0.03372927381141979,
          "n_eval_runs": 4,
          "eval_scores": [
            0.41818181818181815,
            0.4,
            0.41818181818181815,
            0.34545454545454546
          ]
        },
        "6": {
          "mean_major_equiv_per_unit": 0.39090909090909093,
          "eval_run_sd": 0.0638524469869863,
          "eval_noise_se": 0.03192622349349315,
          "ci_95_half_width": 0.06257539804724657,
          "n_eval_runs": 4,
          "eval_scores": [
            0.32727272727272727,
            0.34545454545454546,
            0.43636363636363634,
            0.4545454545454546
          ]
        },
        "7": {
          "mean_major_equiv_per_unit": 0.44545454545454544,
          "eval_run_sd": 0.062102731914906645,
          "eval_noise_se": 0.031051365957453322,
          "ci_95_half_width": 0.06086067727660851,
          "n_eval_runs": 4,
          "eval_scores": [
            0.4727272727272728,
            0.36363636363636365,
            0.509090909090909,
            0.43636363636363634
          ]
        },
        "8": {
          "mean_major_equiv_per_unit": 0.34545454545454546,
          "eval_run_sd": 0.07119600075436806,
          "eval_noise_se": 0.03559800037718403,
          "ci_95_half_width": 0.0697720807392807,
          "n_eval_runs": 4,
          "eval_scores": [
            0.38181818181818183,
            0.2545454545454545,
            0.41818181818181815,
            0.32727272727272727
          ]
        },
        "9": {
          "mean_major_equiv_per_unit": 0.41818181818181815,
          "eval_run_sd": 0.07119600075436804,
          "eval_noise_se": 0.03559800037718402,
          "ci_95_half_width": 0.06977208073928068,
          "n_eval_runs": 4,
          "eval_scores": [
            0.34545454545454546,
            0.38181818181818183,
            0.509090909090909,
            0.43636363636363634
          ]
        },
        "10": {
          "mean_major_equiv_per_unit": 0.3181818181818182,
          "eval_run_sd": 0.08063111936757619,
          "eval_noise_se": 0.040315559683788096,
          "ci_95_half_width": 0.07901849698022467,
          "n_eval_runs": 4,
          "eval_scores": [
            0.2909090909090909,
            0.2909090909090909,
            0.2545454545454545,
            0.43636363636363634
          ]
        },
        "11": {
          "mean_major_equiv_per_unit": 0.38181818181818183,
          "eval_run_sd": 0.09389050536260404,
          "eval_noise_se": 0.04694525268130202,
          "ci_95_half_width": 0.09201269525535197,
          "n_eval_runs": 4,
          "eval_scores": [
            0.2727272727272727,
            0.4909090909090909,
            0.34545454545454546,
            0.41818181818181815
          ]
        },
        "12": {
          "mean_major_equiv_per_unit": 0.7954545454545454,
          "eval_run_sd": 0.02287828616748709,
          "eval_noise_se": 0.011439143083743546,
          "ci_95_half_width": 0.02242072044413735,
          "n_eval_runs": 4,
          "eval_scores": [
            0.8,
            0.7636363636363637,
            0.8,
            0.8181818181818181
          ]
        },
        "13": {
          "mean_major_equiv_per_unit": 0.38181818181818183,
          "eval_run_sd": 0.05352582343228997,
          "eval_noise_se": 0.026762911716144984,
          "ci_95_half_width": 0.052455306963644165,
          "n_eval_runs": 4,
          "eval_scores": [
            0.41818181818181815,
            0.32727272727272727,
            0.43636363636363634,
            0.34545454545454546
          ]
        },
        "14": {
          "mean_major_equiv_per_unit": 0.38181818181818183,
          "eval_run_sd": 0.05749595745760692,
          "eval_noise_se": 0.02874797872880346,
          "ci_95_half_width": 0.05634603830845478,
          "n_eval_runs": 4,
          "eval_scores": [
            0.4545454545454546,
            0.32727272727272727,
            0.34545454545454546,
            0.4
          ]
        },
        "15": {
          "mean_major_equiv_per_unit": 0.3136363636363636,
          "eval_run_sd": 0.0403155596837881,
          "eval_noise_se": 0.02015777984189405,
          "ci_95_half_width": 0.03950924849011234,
          "n_eval_runs": 4,
          "eval_scores": [
            0.34545454545454546,
            0.32727272727272727,
            0.2545454545454545,
            0.32727272727272727
          ]
        },
        "16": {
          "mean_major_equiv_per_unit": 0.38636363636363635,