{
  "methods": [
    {
      "method": "list-analysis",
      "num_translations": 12,
      "eval_runs_per_translation": 4,
      "mean_major_equiv_per_unit": 0.3208333333333333,
      "ci_95_half_width": 0.06700652213540008,
      "translation_sd": 0.1184272456908179,
      "pooled_eval_run_sd": 0.061824865948797464,
      "avg_eval_noise": 0.030912432974398732
    },
    {
      "method": "zero",
      "num_translations": 8,
      "eval_runs_per_translation": 4,
      "mean_major_equiv_per_unit": 0.4596590909090909,
      "ci_95_half_width": 0.10035005106094308,
      "translation_sd": 0.14481265632165133,
      "pooled_eval_run_sd": 0.0766238352029714,
      "avg_eval_noise": 0.0383119176014857
    }
  ]
}