{
  "methods": [
    {
      "method": "zero",
      "num_translations": 18,
      "eval_runs_per_translation": 4,
      "mean_major_equiv_per_unit": 0.44116161616161614,
      "ci_95_half_width": 0.06900001965802921,
      "translation_sd": 0.1493583116393802,
      "pooled_eval_run_sd": 0.07150701888358502,
      "avg_eval_noise": 0.03575350944179251
    }
  ]
}