{
  "num_translations": 3,
  "eval_runs_per_translation": 3,
  "evaluation_reliability": {
    "run_level_sd": 0.05562896894147218,
    "se_mean": 0.03211740019310029,
    "ci_95_half_width": 0.06295010437847656
  },
  "translation_results": {
    "per_translation_mean_penalty": [
      1.0909090909090908,
      1.1818181818181817,
      1.303030303030303
    ],
    "per_translation_mean_major_equiv": [
      0.21818181818181817,
      0.23636363636363636,
      0.2606060606060606
    ],
    "overall_penalty_mean": 1.1919191919191918,
    "overall_major_equiv_mean": 0.2383838383838384,
    "between_translation_sd": 0.02128414899566211
  },
  "usage": {
    "total_input_tokens": 545619,
    "total_output_tokens": 16052,
    "total_cost_usd": 1.179561
  }
}