{
  "num_translations": 4,
  "eval_runs_per_translation": 10,
  "evaluation_reliability": {
    "run_level_sd": 0.08602744034103062,
    "se_mean": 0.027204265275190917,
    "ci_95_half_width": 0.053320359939374194
  },
  "translation_results": {
    "per_translation_mean_penalty": [
      2.7,
      2.881818181818182,
      3.109090909090909,
      2.4545454545454546
    ],
    "per_translation_mean_major_equiv": [
      0.54,
      0.5763636363636364,
      0.6218181818181818,
      0.4909090909090909
    ],
    "overall_penalty_mean": 2.786363636363636,
    "overall_major_equiv_mean": 0.5572727272727273,
    "between_translation_sd": 0.055476895645063126
  },
  "usage": {
    "total_input_tokens": 2649050,
    "total_output_tokens": 82156,
    "total_cost_usd": 5.786022
  }
}