{
  "backend": {
    "dataset_name": "ivan-vas",
    "evaluation_model": "gpt-5.4-mini",
    "evaluated_translation_model": "gpt-5.2"
  },
  "requested_eval_runs_per_translation": 6,
  "num_methods": 5,
  "total_successful_eval_runs": 120,
  "per_method": {
    "characters": {
      "num_translations": 4,
      "eval_runs_per_translation": 6,
      "observed_eval_runs_per_translation": [
        6
      ],
      "mean_major_equiv_per_unit": 0.5712121212121212,
      "translation_sd": 0.08857266985429443,
      "se_method": 0.04428633492714722,
      "ci_95_half_width": 0.08680121645720855,
      "ci_95_lower": 0.4844109047549126,
      "ci_95_upper": 0.6580133376693297,
      "pooled_eval_run_sd": 0.05584314908988821,
      "avg_eval_noise": 0.022797870150065493,
      "translation_means": [
        0.4727272727272728,
        0.5333333333333333,
        0.6,
        0.6787878787878787
      ],
      "per_translation": {
        "1": {
          "mean_major_equiv_per_unit": 0.4727272727272728,
          "eval_run_sd": 0.04878693769090453,
          "eval_noise_se": 0.019917183909278782,
          "ci_95_half_width": 0.03903768046218641,
          "n_eval_runs": 6,
          "eval_scores": [
            0.4727272727272728,
            0.5636363636363637,
            0.4545454545454546,
            0.41818181818181815,
            0.4727272727272728,
            0.4545454545454546
          ]
        },
        "2": {
          "mean_major_equiv_per_unit": 0.5333333333333333,
          "eval_run_sd": 0.07855443270797406,
          "eval_noise_se": 0.03206971286138898,
          "ci_95_half_width": 0.06285663720832241,
          "n_eval_runs": 6,
          "eval_scores": [
            0.6363636363636364,
            0.41818181818181815,
            0.6,
            0.509090909090909,
            0.4909090909090909,
            0.5454545454545454
          ]
        },
        "3": {
          "mean_major_equiv_per_unit": 0.6,
          "eval_run_sd": 0.04302603478617904,
          "eval_noise_se": 0.017565305146896297,
          "ci_95_half_width": 0.034427998087916745,
          "n_eval_runs": 6,
          "eval_scores": [
            0.6181818181818182,
            0.5818181818181818,
            0.6,
            0.6545454545454545,
            0.5272727272727272,
            0.6181818181818182
          ]
        },
        "4": {
          "mean_major_equiv_per_unit": 0.6787878787878787,
          "eval_run_sd": 0.045515111164893526,
          "eval_noise_se": 0.018581466323340467,
          "ci_95_half_width": 0.03641967399374731,
          "n_eval_runs": 6,
          "eval_scores": [
            0.6363636363636364,
            0.6545454545454545,
            0.7454545454545454,
            0.6545454545454545,
            0.7272727272727273,
            0.6545454545454545
          ]
        }
      }
    },
    "list-analysis": {
      "num_translations": 4,
      "eval_runs_per_translation": 6,
      "observed_eval_runs_per_translation": [
        6
      ],
      "mean_major_equiv_per_unit": 0.4871212121212121,
      "translation_sd": 0.09102265633863993,
      "se_method": 0.045511328169319964,
      "ci_95_half_width": 0.08920220321186713,
      "ci_95_lower": 0.397919008909345,
      "ci_95_upper": 0.5763234153330793,
      "pooled_eval_run_sd": 0.0824053008538615,
      "avg_eval_noise": 0.03364182319874927,
      "translation_means": [
        0.42424242424242425,
        0.3939393939393939,
        0.5696969696969697,
        0.5606060606060606
      ],
      "per_translation": {
        "1": {
          "mean_major_equiv_per_unit": 0.42424242424242425,
          "eval_run_sd": 0.09030099651970508,
          "eval_noise_se": 0.036865227456352845,
          "ci_95_half_width": 0.07225584581445157,
          "n_eval_runs": 6,
          "eval_scores": [
            0.32727272727272727,
            0.38181818181818183,
            0.5818181818181818,
            0.36363636363636365,
            0.43636363636363634,
            0.4545454545454546
          ]
        },
        "2": {
          "mean_major_equiv_per_unit": 0.3939393939393939,
          "eval_run_sd": 0.06263277906794576,
          "eval_noise_se": 0.025569724981489683,
          "ci_95_half_width": 0.05011666096371978,
          "n_eval_runs": 6,
          "eval_scores": [
            0.43636363636363634,
            0.41818181818181815,
            0.41818181818181815,
            0.2727272727272727,
            0.38181818181818183,
            0.43636363636363634
          ]
        },
        "3": {
          "mean_major_equiv_per_unit": 0.5696969696969697,
          "eval_run_sd": 0.09389050536260406,
          "eval_noise_se": 0.038330638305071274,
          "ci_95_half_width": 0.0751280510779397,
          "n_eval_runs": 6,
          "eval_scores": [
            0.509090909090909,
            0.6727272727272727,
            0.5636363636363637,
            0.41818181818181815,
            0.6363636363636364,
            0.6181818181818182
          ]
        },
        "4": {
          "mean_major_equiv_per_unit": 0.5606060606060606,
          "eval_run_sd": 0.07918315762705241,
          "eval_noise_se": 0.032326388734774746,
          "ci_95_half_width": 0.0633597219201585,
          "n_eval_runs": 6,
          "eval_scores": [
            0.4545454545454546,
            0.6363636363636364,
            0.4727272727272728,
            0.5818181818181818,
            0.6363636363636364,
            0.5818181818181818
          ]
        }
      }
    },
    "narratives": {
      "num_translations": 4,
      "eval_runs_per_translation": 6,
      "observed_eval_runs_per_translation": [
        6
      ],
      "mean_major_equiv_per_unit": 0.7303030303030303,
      "translation_sd": 0.11335655787534121,
      "se_method": 0.056678278937670606,
      "ci_95_half_width": 0.11108942671783438,
      "ci_95_lower": 0.619213603585196,
      "ci_95_upper": 0.8413924570208647,
      "pooled_eval_run_sd": 0.11794848761229433,
      "avg_eval_noise": 0.04815226843051729,
      "translation_means": [
        0.7,
        0.7818181818181819,
        0.5878787878787879,
        0.8515151515151516
      ],
      "per_translation": {
        "1": {
          "mean_major_equiv_per_unit": 0.7,
          "eval_run_sd": 0.10710310163653192,
          "eval_noise_se": 0.04372465814649153,
          "ci_95_half_width": 0.08570032996712339,
          "n_eval_runs": 6,
          "eval_scores": [
            0.8181818181818181,
            0.6363636363636364,
            0.6181818181818182,
            0.6545454545454545,
            0.8545454545454545,
            0.6181818181818182
          ]
        },
        "2": {
          "mean_major_equiv_per_unit": 0.7818181818181819,
          "eval_run_sd": 0.14270121360253518,
          "eval_noise_se": 0.05825752650035355,
          "ci_95_half_width": 0.11418475194069296,
          "n_eval_runs": 6,
          "eval_scores": [
            0.9272727272727274,
            0.5818181818181818,
            0.8363636363636363,
            0.9272727272727274,
            0.6545454545454545,
            0.7636363636363637
          ]
        },
        "3": {
          "mean_major_equiv_per_unit": 0.5878787878787879,
          "eval_run_sd": 0.12526555813589152,
          "eval_noise_se": 0.051139449962979366,
          "ci_95_half_width": 0.10023332192743956,
          "n_eval_runs": 6,
          "eval_scores": [
            0.5272727272727272,
            0.4,
            0.5454545454545454,
            0.6363636363636364,
            0.7636363636363637,
            0.6545454545454545
          ]
        },
        "4": {
          "mean_major_equiv_per_unit": 0.8515151515151516,
          "eval_run_sd": 0.09011776806608182,
          "eval_noise_se": 0.03679042475339681,
          "ci_95_half_width": 0.07210923251665775,
          "n_eval_runs": 6,