{
  "num_translations": 4,
  "eval_runs_per_translation": 10,
  "major_equiv_per_unit": {
    "mean": 0.5931818181818181,
    "ci_95_lower": 0.4832913929176565,
    "ci_95_upper": 0.7030722434459797,
    "ci_95_half_width": 0.10989042526416165,
    "between_translation_sd": 0.11213308700424658,
    "se_method": 0.05606654350212329
  },
  "evaluation_noise_diagnostic": {
    "run_level_sd": 0.13697222391794073
  },
  "usage": {
    "total_input_tokens": 2645670,
    "total_output_tokens": 83605,
    "total_cost_usd": 5.800393
  }
}