{
  "num_translations": 4,
  "eval_runs_per_translation": 10,
  "major_equiv_per_unit": {
    "mean": 0.5036363636363637,
    "ci_95_lower": 0.4057065816297813,
    "ci_95_upper": 0.601566145642946,
    "ci_95_half_width": 0.09792978200658237,
    "between_translation_sd": 0.09992834898630854,
    "se_method": 0.04996417449315427
  },
  "evaluation_noise_diagnostic": {
    "run_level_sd": 0.1425229038820075
  },
  "usage": {
    "total_input_tokens": 2647660,
    "total_output_tokens": 80694,
    "total_cost_usd": 5.763121
  }
}