{
  "num_translations": 4,
  "eval_runs_per_translation": 10,
  "major_equiv_per_unit": {
    "mean": 0.45045454545454544,
    "ci_95_lower": 0.4346927546430045,
    "ci_95_upper": 0.4662163362660864,
    "ci_95_half_width": 0.015761790811540936,
    "between_translation_sd": 0.016083460011776466,
    "se_method": 0.008041730005888233
  },
  "evaluation_noise_diagnostic": {
    "run_level_sd": 0.08758370198115077
  },
  "usage": {
    "total_input_tokens": 2649890,
    "total_output_tokens": 79600,
    "total_cost_usd": 5.751707
  }
}