{
  "num_translations": 5,
  "eval_runs_per_translation": 5,
  "backend": {
    "evaluation_model": "gpt-5-mini",
    "evaluated_translation_model": "gpt-5.2"
  },
  "major_equiv_per_unit": {
    "mean": 0.392,
    "ci_95_lower": 0.34088199954763554,
    "ci_95_upper": 0.4431180004523645,
    "ci_95_half_width": 0.05111800045236446,
    "se_method": 0.026080612475696156,
    "translation_sd": 0.05831802239048569,
    "run_sd": 0.08846409054980675,
    "avg_eval_noise": 0.039562344007412924
  },
  "per_translation": {
    "translation-1.txt": {
      "mean_major_equiv_per_unit": 0.4909090909090909,
      "run_sd": 0.0668042657122685,
      "se_mean": 0.029875775863918153,
      "ci_95_half_width": 0.05855652069327958,
      "n_runs": 5,
      "run_scores": [
        0.4545454545454546,
        0.4,
        0.5636363636363637,
        0.4909090909090909,
        0.5454545454545454
      ]
    },
    "translation-2.txt": {
      "mean_major_equiv_per_unit": 0.36,
      "run_sd": 0.039417242524870555,
      "se_mean": 0.0176279267542412,
      "ci_95_half_width": 0.03455073643831275,
      "n_runs": 5,
      "run_scores": [
        0.38181818181818183,
        0.38181818181818183,
        0.4,
        0.3090909090909091,
        0.32727272727272727
      ]
    },
    "translation-3.txt": {
      "mean_major_equiv_per_unit": 0.34545454545454546,
      "run_sd": 0.05454545454545454,
      "se_mean": 0.024393468845452248,
      "ci_95_half_width": 0.04781119893708641,
      "n_runs": 5,
      "run_scores": [
        0.32727272727272727,
        0.32727272727272727,
        0.43636363636363634,
        0.34545454545454546,
        0.2909090909090909
      ]
    },
    "translation-4.txt": {
      "mean_major_equiv_per_unit": 0.39636363636363636,
      "run_sd": 0.04706246947470832,
      "se_mean": 0.021046976186891324,
      "ci_95_half_width": 0.041252073326306996,
      "n_runs": 5,
      "run_scores": [
        0.4545454545454546,
        0.4,
        0.32727272727272727,
        0.41818181818181815,
        0.38181818181818183
      ]
    },
    "translation-5.txt": {
      "mean_major_equiv_per_unit": 0.36727272727272725,
      "run_sd": 0.13690800434193962,
      "se_mean": 0.06122712087448266,
      "ci_95_half_width": 0.12000515691398601,
      "n_runs": 5,
      "run_scores": [
        0.21818181818181817,
        0.38181818181818183,
        0.4909090909090909,
        0.2363636363636364,
        0.509090909090909
      ]
    }
  },
  "usage": {
    "total_input_tokens": 96135,
    "total_output_tokens": 109795,
    "total_cost_usd": 0.243624
  }
}