{
  "num_translations": 2,
  "eval_runs_per_translation": 10,
  "major_equiv_per_unit": {
    "mean": 0.6718181818181819,
    "ci_95_lower": 0.6344000000000001,
    "ci_95_upper": 0.7092363636363637,
    "ci_95_half_width": 0.037418181818181837,
    "between_translation_sd": 0.026998622554395467,
    "se_method": 0.0190909090909091
  },
  "evaluation_noise_diagnostic": {
    "run_level_sd": 0.11460923264312758
  },
  "usage": {
    "total_input_tokens": 1324860,
    "total_output_tokens": 42055,
    "total_cost_usd": 2.907275
  }
}